-- phpMyAdmin SQL Dump
-- version 4.7.7
-- https://www.phpmyadmin.net/
--
-- Хост: 127.0.0.1:3306
-- Время создания: Окт 07 2021 г., 09:43
-- Версия сервера: 5.6.38
-- Версия PHP: 7.1.12

SET SQL_MODE = "NO_AUTO_VALUE_ON_ZERO";
SET AUTOCOMMIT = 0;
START TRANSACTION;
SET time_zone = "+00:00";


/*!40101 SET @OLD_CHARACTER_SET_CLIENT=@@CHARACTER_SET_CLIENT */;
/*!40101 SET @OLD_CHARACTER_SET_RESULTS=@@CHARACTER_SET_RESULTS */;
/*!40101 SET @OLD_COLLATION_CONNECTION=@@COLLATION_CONNECTION */;
/*!40101 SET NAMES utf8mb4 */;

--
-- База данных: `Software`
--

-- --------------------------------------------------------

--
-- Структура таблицы `Computer`
--

CREATE TABLE `Computer` (
  `number_computer` int(11) NOT NULL,
  `IPAdress` varchar(45) NOT NULL,
  `office` varchar(45) NOT NULL,
  `characteristics` text
) ENGINE=InnoDB DEFAULT CHARSET=utf8 COMMENT='		';

--
-- Дамп данных таблицы `Computer`
--

INSERT INTO `Computer` (`number_computer`, `IPAdress`, `office`, `characteristics`) VALUES
(1, '109.234.423', '2', 'reegtrshytrhtyj'),
(2, '192.812.31.1', '250', 'nunc sed libero. Proin sed turpis nec mauris'),
(3, '192.388.51.2', '343', 'sem. Nulla interdum. Curabitur dictum. Phasellus in felis. Nulla tempor augue ac'),
(4, '192.365.86.8', '115', 'malesuada fames ac turpis egestas. Aliquam fringilla cursus purus. Nullam scelerisque neque sed sem egestas blandit. Nam nulla magna,'),
(5, '192.144.12.1', '1', 'wefe'),
(6, '192.817.11.8', '130', 'lorem, luctus ut, pellentesque'),
(7, '192.963.07.3', '423', 'fringilla cursus purus. Nullam scelerisque neque sed sem egestas blandit. Nam nulla magna, malesuada vel, convallis'),
(8, '192.628.67.2', '62', 'feugiat. Sed nec metus facilisis lorem tristique aliquet. Phasellus fermentum convallis ligula. Donec luctus'),
(9, '192.961.61.7', '197', 'sollicitudin commodo ipsum. Suspendisse non leo. Vivamus nibh dolor, nonummy'),
(10, '192.608.21.2', '5', 'convallis erat, eget tincidunt'),
(11, '192.625.54.2', '198', 'odio. Phasellus at augue id ante dictum cursus. Nunc'),
(12, '192.998.25.2', '218', 'sem. Nulla interdum. Curabitur dictum.'),
(13, '192.818.65.8', '418', 'vestibulum. Mauris magna. Duis dignissim tempor arcu. Vestibulum ut eros non enim commodo hendrerit. Donec porttitor tellus non magna. Nam'),
(14, '192.513.72.8', '364', 'penatibus et magnis dis parturient montes, nascetur ridiculus mus. Proin vel nisl. Quisque fringilla euismod enim. Etiam'),
(15, '192.403.43.6', '114', 'arcu. Sed et libero. Proin mi. Aliquam gravida mauris ut mi. Duis risus odio, auctor'),
(16, '192.692.38.7', '72', 'ipsum sodales purus, in'),
(17, '192.523.75.0', '259', 'quam. Curabitur vel lectus. Cum sociis natoque penatibus et magnis dis parturient montes, nascetur ridiculus mus. Donec dignissim'),
(18, '192.462.22.5', '81', 'tempor augue ac ipsum. Phasellus vitae mauris sit amet lorem semper auctor. Mauris vel turpis. Aliquam adipiscing lobortis'),
(19, '192.079.45.7', '130', 'est arcu ac orci. Ut semper pretium neque. Morbi'),
(20, '192.986.29.3', '319', 'sagittis felis. Donec tempor, est ac mattis semper, dui lectus rutrum'),
(21, '192.742.72.3', '193', 'molestie orci tincidunt adipiscing. Mauris molestie pharetra nibh. Aliquam ornare, libero at auctor ullamcorper, nisl arcu iaculis enim, sit'),
(22, '192.337.75.2', '171', 'Fusce mollis. Duis sit amet diam eu dolor egestas rhoncus. Proin'),
(23, '192.919.67.1', '484', 'mi tempor lorem, eget mollis lectus pede'),
(24, '192.382.41.1', '168', 'Aenean gravida nunc sed pede. Cum sociis natoque penatibus et magnis dis parturient montes, nascetur ridiculus mus. Proin'),
(25, '192.816.30.2', '294', 'natoque penatibus et magnis dis parturient montes, nascetur ridiculus mus. Proin vel nisl. Quisque fringilla euismod'),
(26, '192.998.58.9', '419', 'at, velit. Pellentesque ultricies dignissim lacus. Aliquam rutrum lorem ac risus. Morbi metus. Vivamus'),
(27, '192.336.62.5', '434', 'enim diam vel'),
(28, '192.472.58.2', '409', 'Integer tincidunt aliquam arcu. Aliquam ultrices iaculis odio. Nam interdum enim non nisi. Aenean eget'),
(29, '192.743.93.5', '115', 'dolor. Fusce mi lorem,'),
(30, '192.576.55.7', '46', 'Class aptent taciti sociosqu ad litora torquent per conubia nostra, per inceptos hymenaeos. Mauris'),
(31, '192.901.03.3', '475', 'imperdiet dictum magna. Ut tincidunt'),
(32, '192.607.81.9', '164', 'eget lacus. Mauris non dui nec urna suscipit nonummy. Fusce fermentum fermentum'),
(33, '192.205.78.5', '37', 'metus. Aliquam erat'),
(34, '192.569.64.1', '268', 'ac orci. Ut semper pretium neque. Morbi quis urna. Nunc quis arcu vel quam dignissim pharetra. Nam ac nulla. In'),
(35, '192.640.48.1', '246', 'ullamcorper viverra. Maecenas iaculis aliquet diam. Sed diam lorem,'),
(36, '192.260.16.5', '4', 'elit pede, malesuada vel,'),
(37, '192.025.75.3', '148', 'accumsan convallis, ante lectus convallis est, vitae sodales nisi magna sed dui. Fusce aliquam, enim nec'),
(38, '192.462.81.5', '253', 'euismod est arcu ac orci. Ut semper'),
(39, '192.266.72.8', '151', 'id ante dictum cursus. Nunc mauris elit, dictum eu, eleifend nec, malesuada ut, sem. Nulla interdum. Curabitur dictum. Phasellus in'),
(40, '192.257.45.3', '384', 'diam dictum sapien. Aenean massa. Integer vitae nibh. Donec est'),
(41, '192.104.55.4', '74', 'Nulla tempor augue ac ipsum. Phasellus vitae mauris'),
(42, '192.758.12.7', '475', 'eros. Proin ultrices. Duis volutpat nunc sit amet metus. Aliquam erat'),
(43, '192.740.70.2', '81', 'fringilla, porttitor vulputate, posuere vulputate, lacus. Cras interdum. Nunc sollicitudin commodo ipsum. Suspendisse'),
(44, '192.855.17.5', '309', 'sem ut dolor dapibus gravida. Aliquam tincidunt, nunc ac mattis ornare, lectus ante dictum mi,'),
(45, '192.331.76.8', '272', 'ornare, lectus ante dictum mi, ac mattis velit justo nec ante.'),
(46, '192.591.60.5', '50', 'ligula. Aenean euismod mauris eu elit. Nulla facilisi. Sed neque.'),
(47, '192.571.05.5', '183', 'Donec'),
(48, '192.541.12.9', '374', 'lacus.'),
(49, '192.164.22.1', '87', 'posuere vulputate, lacus. Cras'),
(50, '192.728.23.4', '274', 'lectus pede et risus. Quisque libero lacus, varius et, euismod et, commodo'),
(51, '192.418.27.4', '121', 'sit amet ante. Vivamus non'),
(52, '192.676.72.2', '191', 'Vivamus nibh dolor, nonummy ac, feugiat non, lobortis quis, pede. Suspendisse dui. Fusce diam nunc,'),
(53, '192.488.87.5', '387', 'mauris blandit mattis. Cras'),
(54, '192.625.27.7', '63', 'aliquet. Proin velit. Sed malesuada augue ut lacus. Nulla tincidunt, neque vitae'),
(55, '192.762.53.9', '497', 'Vestibulum accumsan neque et nunc. Quisque'),
(56, '192.450.15.8', '373', 'eros nec tellus. Nunc lectus pede, ultrices'),
(57, '192.889.06.8', '194', 'Etiam vestibulum massa rutrum magna. Cras convallis convallis dolor. Quisque tincidunt pede ac urna. Ut'),
(58, '192.106.32.2', '220', 'lectus convallis est, vitae sodales nisi magna sed dui. Fusce aliquam, enim nec tempus scelerisque, lorem ipsum sodales purus,'),
(59, '192.048.36.3', '117', 'augue ut lacus. Nulla tincidunt, neque vitae semper egestas, urna justo'),
(60, '192.925.67.3', '183', 'parturient montes, nascetur ridiculus mus. Proin vel'),
(61, '192.086.29.5', '58', 'eget metus. In nec orci. Donec nibh. Quisque nonummy ipsum'),
(62, '192.887.98.5', '390', 'lorem ipsum'),
(63, '192.352.45.2', '403', 'nec ante blandit'),
(64, '192.254.00.0', '274', 'magna, malesuada vel, convallis in, cursus et,'),
(65, '192.224.62.6', '78', 'lacus. Ut nec urna et arcu imperdiet ullamcorper. Duis'),
(66, '192.220.36.9', '197', 'magna et ipsum cursus vestibulum. Mauris magna. Duis dignissim tempor arcu.'),
(67, '192.587.36.8', '425', 'vel est tempor bibendum. Donec felis'),
(68, '192.147.92.4', '176', 'vitae, orci. Phasellus dapibus quam quis diam.'),
(69, '192.852.23.4', '329', 'Donec egestas. Aliquam nec enim. Nunc ut erat. Sed nunc est, mollis non, cursus'),
(70, '192.443.76.6', '71', 'imperdiet nec, leo. Morbi neque tellus, imperdiet non, vestibulum nec, euismod in, dolor. Fusce feugiat.'),
(71, '192.401.84.3', '186', 'Curabitur egestas nunc sed libero. Proin sed turpis nec mauris blandit mattis. Cras eget nisi dictum augue'),
(72, '192.383.31.2', '347', 'urna convallis erat, eget tincidunt dui augue'),
(73, '192.752.84.4', '191', 'erat vitae risus. Duis a mi fringilla mi'),
(74, '192.526.47.3', '97', 'ac nulla. In'),
(75, '192.369.66.1', '79', 'semper cursus. Integer mollis. Integer tincidunt aliquam arcu. Aliquam ultrices iaculis'),
(76, '192.632.28.4', '177', 'quis accumsan convallis, ante lectus convallis est, vitae sodales nisi magna sed dui. Fusce aliquam,'),
(77, '192.537.93.4', '360', 'orci quis lectus. Nullam suscipit, est ac'),
(78, '192.545.54.1', '404', 'Nulla eu neque pellentesque massa lobortis ultrices. Vivamus'),
(79, '192.271.52.2', '226', 'Ut tincidunt orci quis'),
(80, '192.285.36.1', '156', 'arcu. Sed et libero. Proin mi. Aliquam gravida mauris'),
(81, '192.734.34.8', '39', 'nonummy. Fusce fermentum fermentum arcu.'),
(82, '192.567.61.7', '319', 'molestie. Sed id risus quis diam luctus lobortis. Class aptent taciti sociosqu'),
(83, '192.076.78.1', '29', 'dolor. Fusce feugiat. Lorem ipsum dolor sit amet, consectetuer adipiscing elit. Aliquam auctor, velit eget laoreet posuere, enim nisl'),
(84, '192.860.30.5', '357', 'Phasellus vitae mauris sit amet lorem semper auctor. Mauris vel turpis. Aliquam adipiscing lobortis'),
(85, '192.544.43.8', '28', 'elementum, dui quis accumsan convallis, ante lectus convallis'),
(86, '192.021.00.9', '294', 'bibendum ullamcorper. Duis cursus, diam at pretium aliquet, metus'),
(87, '192.862.06.5', '329', 'at, velit. Pellentesque ultricies dignissim lacus. Aliquam rutrum'),
(88, '192.803.44.2', '18', 'urna et arcu imperdiet ullamcorper. Duis at lacus. Quisque purus'),
(89, '192.873.70.4', '148', 'et malesuada fames ac turpis egestas. Fusce aliquet magna a neque. Nullam ut'),
(90, '192.838.07.5', '242', 'urna. Nullam lobortis quam a felis ullamcorper viverra. Maecenas iaculis'),
(91, '192.547.16.6', '50', 'Morbi'),
(92, '192.987.58.8', '411', 'enim diam vel arcu. Curabitur ut odio vel est tempor bibendum. Donec felis orci, adipiscing'),
(93, '192.585.98.7', '292', 'amet diam eu dolor egestas rhoncus. Proin nisl sem, consequat nec, mollis vitae, posuere at, velit. Cras'),
(94, '192.607.62.7', '450', 'sodales. Mauris blandit enim consequat purus. Maecenas libero est, congue a, aliquet vel, vulputate eu, odio. Phasellus at augue id'),
(95, '192.409.84.8', '283', 'consequat enim diam vel arcu. Curabitur ut odio vel est tempor'),
(96, '192.342.26.7', '33', 'feugiat. Lorem ipsum dolor sit amet, consectetuer adipiscing elit. Aliquam auctor, velit eget laoreet posuere, enim nisl elementum'),
(97, '192.000.15.7', '248', 'semper, dui lectus rutrum urna, nec luctus felis purus ac tellus. Suspendisse sed dolor. Fusce'),
(98, '192.487.70.0', '314', 'tellus. Phasellus'),
(99, '192.570.34.8', '370', 'urna. Ut tincidunt vehicula risus. Nulla eget metus eu erat semper rutrum. Fusce dolor quam, elementum'),
(100, '192.110.86.8', '56', 'ridiculus mus. Donec dignissim magna a tortor. Nunc commodo auctor velit. Aliquam nisl. Nulla eu neque pellentesque'),
(101, '192.266.39.2', '329', 'a'),
(102, '192.151.24.5', '168', 'ipsum non arcu. Vivamus'),
(103, '192.654.48.5', '239', 'mattis semper, dui lectus rutrum urna, nec luctus felis'),
(104, '192.748.38.0', '373', 'eget tincidunt dui augue'),
(105, '192.263.25.2', '93', 'interdum feugiat. Sed nec metus facilisis lorem tristique aliquet. Phasellus'),
(106, '192.863.01.6', '353', 'ornare placerat, orci lacus vestibulum lorem, sit amet ultricies sem magna nec quam. Curabitur'),
(107, '192.536.42.3', '83', 'Nunc mauris. Morbi non sapien molestie orci tincidunt adipiscing. Mauris molestie pharetra nibh. Aliquam ornare, libero at'),
(108, '192.808.87.8', '128', 'gravida. Aliquam tincidunt, nunc ac mattis ornare, lectus ante dictum mi, ac mattis'),
(109, '192.228.17.3', '240', 'magnis dis parturient montes, nascetur ridiculus mus.'),
(110, '192.636.63.9', '491', 'blandit at, nisi. Cum sociis natoque penatibus et magnis dis parturient montes, nascetur ridiculus'),
(111, '192.751.44.3', '363', 'nunc ac mattis ornare, lectus ante dictum mi, ac mattis velit justo nec'),
(112, '192.702.86.7', '100', 'a, dui. Cras pellentesque. Sed dictum. Proin eget'),
(113, '192.241.18.6', '291', 'eget varius ultrices, mauris ipsum porta elit, a feugiat tellus lorem eu metus. In lorem. Donec elementum, lorem ut aliquam'),
(114, '192.303.23.5', '367', 'gravida sagittis. Duis gravida. Praesent eu nulla at sem molestie sodales. Mauris blandit enim consequat purus.'),
(115, '192.219.70.0', '298', 'pellentesque, tellus sem mollis dui, in sodales elit erat vitae risus. Duis a'),
(116, '192.367.71.3', '133', 'lectus convallis est, vitae'),
(117, '192.344.84.3', '195', 'arcu iaculis enim, sit amet ornare lectus justo eu arcu.'),
(118, '192.508.62.2', '348', 'Sed dictum. Proin eget'),
(119, '192.884.66.4', '321', 'ullamcorper. Duis cursus, diam at pretium'),
(120, '192.627.10.2', '31', 'lacus. Etiam bibendum fermentum metus. Aenean sed pede nec ante blandit viverra. Donec tempus, lorem fringilla'),
(121, '192.694.33.0', '429', 'tincidunt,'),
(122, '192.650.44.6', '36', 'quis diam luctus lobortis. Class aptent'),
(123, '192.853.17.1', '275', 'ultrices, mauris ipsum porta elit, a feugiat tellus lorem eu metus. In'),
(124, '192.675.62.2', '106', 'eget magna. Suspendisse tristique neque venenatis lacus. Etiam bibendum fermentum metus. Aenean sed pede nec'),
(125, '192.375.51.6', '455', 'malesuada fringilla est. Mauris eu turpis. Nulla aliquet.'),
(126, '192.846.84.9', '253', 'sodales. Mauris blandit enim consequat purus. Maecenas libero est, congue a, aliquet vel, vulputate eu, odio.'),
(127, '192.637.69.1', '305', 'sed, hendrerit a, arcu. Sed et libero. Proin mi. Aliquam gravida mauris ut mi. Duis'),
(128, '192.515.49.6', '91', 'lectus pede, ultrices a,'),
(129, '192.825.56.3', '68', 'magna. Lorem ipsum dolor sit'),
(130, '192.512.28.9', '290', 'dolor. Nulla semper tellus id nunc interdum feugiat. Sed nec metus facilisis lorem tristique aliquet. Phasellus fermentum convallis'),
(131, '192.551.46.7', '145', 'posuere, enim nisl elementum purus, accumsan interdum libero'),
(132, '192.212.51.3', '299', 'sodales elit erat vitae risus. Duis a mi fringilla mi lacinia mattis.'),
(133, '192.657.35.5', '41', 'In nec orci. Donec nibh. Quisque nonummy'),
(134, '192.428.02.3', '375', 'Fusce diam nunc, ullamcorper eu, euismod ac, fermentum vel, mauris. Integer sem elit, pharetra'),
(135, '192.223.63.4', '12', 'aliquet, metus urna convallis erat, eget tincidunt dui augue eu tellus. Phasellus elit pede, malesuada'),
(136, '192.554.82.0', '482', 'vestibulum. Mauris magna. Duis dignissim tempor arcu. Vestibulum'),
(137, '192.152.29.9', '392', 'luctus ut, pellentesque eget, dictum placerat, augue. Sed molestie. Sed id risus quis diam luctus lobortis. Class aptent'),
(138, '192.222.30.3', '182', 'ultrices posuere cubilia Curae Phasellus ornare. Fusce mollis. Duis sit amet diam eu dolor egestas rhoncus.'),
(139, '192.464.50.4', '304', 'sapien. Aenean massa. Integer vitae nibh. Donec est mauris, rhoncus id, mollis nec, cursus a, enim.'),
(140, '192.472.05.3', '384', 'Morbi metus.'),
(141, '192.679.25.6', '90', 'nibh dolor,'),
(142, '192.424.25.7', '331', 'accumsan sed, facilisis vitae, orci. Phasellus dapibus quam quis diam. Pellentesque'),
(143, '192.707.87.2', '65', 'tempus scelerisque, lorem ipsum sodales purus, in molestie tortor nibh sit amet orci. Ut sagittis lobortis mauris. Suspendisse aliquet'),
(144, '192.637.47.4', '227', 'metus urna convallis erat, eget tincidunt dui augue eu tellus. Phasellus elit pede, malesuada vel, venenatis vel,'),
(145, '192.777.15.3', '283', 'nec ante. Maecenas mi'),
(146, '192.770.12.1', '281', 'Pellentesque habitant morbi tristique senectus et netus et malesuada fames ac turpis egestas. Aliquam fringilla cursus purus. Nullam'),
(147, '192.482.30.4', '423', 'aliquet magna a neque. Nullam ut nisi a odio semper cursus. Integer mollis. Integer'),
(148, '192.955.25.5', '488', 'mattis velit justo nec'),
(149, '192.808.49.3', '422', 'a ultricies adipiscing, enim mi tempor lorem, eget mollis lectus pede et risus. Quisque libero'),
(150, '192.587.46.9', '26', 'lacinia mattis. Integer eu lacus. Quisque imperdiet, erat nonummy ultricies ornare, elit elit'),
(151, '192.939.15.7', '426', 'risus. In mi pede, nonummy'),
(152, '192.665.16.2', '298', 'a, facilisis non, bibendum sed, est. Nunc laoreet lectus quis massa.'),
(153, '192.215.14.6', '251', 'lorem, vehicula et, rutrum eu, ultrices sit amet, risus. Donec nibh enim, gravida sit amet, dapibus id, blandit'),
(154, '192.473.49.8', '57', 'imperdiet ullamcorper. Duis at lacus. Quisque purus'),
(155, '192.423.51.7', '377', 'sit amet nulla. Donec non justo. Proin'),
(156, '192.727.71.5', '147', 'non, feugiat nec, diam. Duis mi enim, condimentum eget, volutpat ornare, facilisis eget, ipsum. Donec'),
(157, '192.173.84.2', '388', 'Sed congue, elit sed consequat auctor, nunc nulla vulputate dui, nec tempus mauris'),
(158, '192.562.54.7', '6', 'erat. Sed nunc est, mollis non, cursus non,'),
(159, '192.358.52.7', '396', 'magna. Sed'),
(160, '192.514.57.3', '325', 'sem. Nulla interdum. Curabitur dictum. Phasellus in felis.'),
(161, '192.610.23.1', '364', 'pede. Cras vulputate'),
(162, '192.574.87.3', '215', 'sapien imperdiet ornare. In faucibus. Morbi vehicula. Pellentesque tincidunt tempus risus. Donec egestas. Duis ac arcu. Nunc'),
(163, '192.562.36.9', '60', 'at risus. Nunc ac sem ut dolor'),
(164, '192.668.72.4', '204', 'Phasellus at augue id ante dictum'),
(165, '192.712.43.6', '169', 'amet, consectetuer adipiscing elit. Aliquam auctor, velit eget laoreet'),
(166, '192.570.88.2', '42', 'Integer aliquam adipiscing lacus. Ut nec urna et arcu imperdiet ullamcorper.'),
(167, '192.788.58.7', '178', 'lectus, a sollicitudin orci sem eget massa. Suspendisse eleifend. Cras sed leo. Cras'),
(168, '192.889.97.2', '240', 'erat vel pede blandit congue. In scelerisque scelerisque dui.'),
(169, '192.587.84.5', '332', 'feugiat tellus lorem eu metus. In lorem.'),
(170, '192.584.57.2', '135', 'Nunc mauris. Morbi non sapien molestie orci tincidunt adipiscing.'),
(171, '192.853.93.6', '261', 'at pretium aliquet, metus urna convallis erat, eget tincidunt dui'),
(172, '192.435.09.5', '125', 'justo sit amet nulla. Donec non justo. Proin non massa non ante bibendum ullamcorper. Duis'),
(173, '192.121.08.4', '247', 'Fusce dolor quam, elementum at, egestas a, scelerisque sed, sapien. Nunc pulvinar arcu et pede. Nunc sed orci'),
(174, '192.423.14.2', '324', 'sapien. Aenean massa. Integer vitae nibh. Donec'),
(175, '192.808.49.5', '28', 'Vestibulum ut eros non enim'),
(176, '192.733.89.5', '466', 'montes, nascetur ridiculus mus. Proin vel arcu eu odio tristique pharetra. Quisque ac libero nec ligula'),
(177, '192.673.88.8', '229', 'scelerisque, lorem ipsum sodales purus, in molestie tortor nibh sit amet'),
(178, '192.584.39.1', '117', 'odio. Etiam ligula tortor, dictum eu, placerat eget, venenatis a, magna. Lorem ipsum dolor sit amet, consectetuer adipiscing elit.'),
(179, '192.845.36.8', '4', 'interdum. Nunc sollicitudin commodo ipsum. Suspendisse non leo. Vivamus nibh'),
(180, '192.311.28.7', '486', 'elit. Nulla facilisi. Sed neque. Sed eget lacus.'),
(181, '192.468.59.8', '190', 'ullamcorper, nisl arcu'),
(182, '192.524.88.8', '47', 'et tristique pellentesque, tellus sem'),
(183, '192.636.68.2', '387', 'vitae nibh. Donec est mauris, rhoncus id, mollis nec, cursus a, enim. Suspendisse aliquet, sem'),
(184, '192.907.46.5', '463', 'vulputate, lacus. Cras interdum. Nunc sollicitudin commodo ipsum. Suspendisse non leo. Vivamus nibh'),
(185, '192.524.29.7', '277', 'risus. In mi pede, nonummy ut, molestie in, tempus eu, ligula. Aenean euismod mauris eu elit. Nulla'),
(186, '192.845.68.7', '207', 'Nam ligula elit, pretium'),
(187, '192.741.62.1', '407', 'dictum eu, placerat eget, venenatis a, magna. Lorem ipsum dolor sit amet, consectetuer adipiscing elit. Etiam laoreet, libero'),
(188, '192.763.25.3', '218', 'enim. Sed nulla ante, iaculis nec, eleifend non, dapibus rutrum, justo. Praesent luctus. Curabitur egestas nunc sed'),
(189, '192.768.63.7', '99', 'facilisis facilisis, magna tellus faucibus'),
(190, '192.848.12.0', '377', 'rutrum. Fusce dolor quam, elementum at, egestas a, scelerisque sed, sapien. Nunc pulvinar'),
(191, '192.423.15.5', '165', 'sem eget'),
(192, '192.578.66.4', '54', 'pede et risus. Quisque libero lacus, varius et, euismod et,'),
(193, '192.281.47.5', '262', 'ac facilisis facilisis, magna tellus faucibus leo, in lobortis tellus justo sit amet nulla. Donec non justo. Proin non'),
(194, '192.170.41.5', '395', 'a purus. Duis elementum, dui'),
(195, '192.237.13.3', '90', 'odio. Phasellus at'),
(196, '192.269.33.2', '233', 'sem. Pellentesque ut ipsum ac mi eleifend egestas. Sed pharetra,'),
(197, '192.322.78.8', '144', 'iaculis enim, sit'),
(198, '192.418.45.4', '200', 'Quisque libero lacus, varius'),
(199, '192.171.87.6', '316', 'mollis vitae, posuere at, velit. Cras'),
(200, '192.261.27.3', '264', 'velit egestas lacinia. Sed congue, elit sed consequat auctor, nunc nulla vulputate dui, nec tempus mauris erat'),
(201, '192.899.38.7', '178', 'Ut tincidunt vehicula risus. Nulla eget'),
(202, '192.881.70.7', '368', 'erat vitae risus. Duis a mi fringilla mi lacinia mattis. Integer eu lacus.'),
(203, '192.628.46.4', '252', 'risus. In mi pede, nonummy ut, molestie in, tempus eu, ligula. Aenean'),
(204, '192.792.81.2', '37', 'rutrum. Fusce dolor quam, elementum at, egestas a,'),
(205, '192.741.81.8', '304', 'mi enim, condimentum eget, volutpat ornare, facilisis eget, ipsum. Donec sollicitudin adipiscing ligula. Aenean'),
(206, '192.201.85.1', '463', 'lacus. Mauris non dui nec urna suscipit nonummy. Fusce fermentum fermentum'),
(207, '192.744.22.5', '392', 'vitae nibh. Donec est mauris, rhoncus id, mollis nec,'),
(208, '192.227.63.6', '273', 'id sapien. Cras dolor dolor, tempus non, lacinia at, iaculis quis, pede. Praesent'),
(209, '192.370.15.9', '181', 'eu odio tristique pharetra. Quisque ac libero nec ligula consectetuer rhoncus. Nullam'),
(210, '192.144.84.6', '136', 'metus. Aliquam erat volutpat. Nulla facilisis. Suspendisse commodo tincidunt nibh. Phasellus nulla. Integer vulputate, risus a ultricies adipiscing, enim'),
(211, '192.718.19.1', '355', 'dictum. Phasellus'),
(212, '192.276.69.2', '78', 'venenatis lacus. Etiam bibendum fermentum metus. Aenean sed pede nec ante blandit viverra. Donec tempus,'),
(213, '192.934.32.3', '75', 'turpis non enim. Mauris quis turpis vitae purus gravida sagittis. Duis'),
(214, '192.173.01.7', '305', 'tellus. Suspendisse sed dolor. Fusce mi lorem, vehicula'),
(215, '192.572.34.3', '237', 'amet, consectetuer adipiscing elit.'),
(216, '192.848.90.3', '367', 'Aliquam fringilla cursus purus. Nullam'),
(217, '192.375.39.3', '42', 'ante bibendum ullamcorper. Duis cursus,'),
(218, '192.858.68.7', '366', 'bibendum ullamcorper. Duis cursus,'),
(219, '192.797.65.5', '391', 'ut'),
(220, '192.165.51.4', '476', 'vitae purus gravida sagittis. Duis gravida. Praesent eu'),
(221, '192.157.48.5', '317', 'Maecenas libero est, congue a, aliquet vel, vulputate eu, odio. Phasellus at augue id ante dictum cursus.'),
(222, '192.539.60.7', '55', 'Sed id risus quis diam luctus lobortis. Class'),
(223, '192.471.45.2', '16', 'Sed nec metus facilisis lorem tristique aliquet.'),
(224, '192.083.11.1', '470', 'vel arcu. Curabitur ut odio vel est tempor bibendum. Donec felis orci, adipiscing non, luctus sit amet,'),
(225, '192.736.11.4', '451', 'sed tortor. Integer aliquam adipiscing lacus. Ut nec urna et arcu imperdiet ullamcorper. Duis at'),
(226, '192.748.31.7', '17', 'vulputate eu, odio. Phasellus at augue'),
(227, '192.520.12.5', '69', 'dui, semper et, lacinia vitae, sodales at, velit. Pellentesque'),
(228, '192.753.94.4', '497', 'ridiculus mus. Aenean eget magna. Suspendisse tristique neque venenatis lacus. Etiam bibendum'),
(229, '192.803.96.3', '28', 'vitae velit egestas lacinia. Sed congue, elit sed consequat auctor, nunc nulla vulputate dui, nec tempus mauris'),
(230, '192.467.26.4', '444', 'risus. Donec'),
(231, '192.463.57.4', '499', 'ante, iaculis nec, eleifend non, dapibus rutrum, justo. Praesent luctus.'),
(232, '192.197.62.6', '57', 'sociis natoque penatibus et magnis dis parturient montes, nascetur ridiculus mus. Proin vel arcu eu'),
(233, '192.987.35.2', '129', 'Mauris blandit enim consequat'),
(234, '192.103.83.2', '22', 'lectus rutrum urna, nec luctus felis'),
(235, '192.649.83.9', '249', 'sem, vitae aliquam eros turpis'),
(236, '192.612.53.2', '3', 'lectus pede, ultrices a, auctor non, feugiat nec, diam. Duis mi enim, condimentum eget, volutpat ornare,'),
(237, '192.570.52.5', '353', 'mauris, rhoncus id, mollis'),
(238, '192.918.90.2', '66', 'tempus mauris erat'),
(239, '192.518.27.2', '184', 'nibh. Donec est mauris, rhoncus id, mollis nec, cursus a, enim. Suspendisse aliquet, sem ut cursus'),
(240, '192.356.28.2', '98', 'vehicula aliquet libero. Integer in magna. Phasellus dolor elit, pellentesque a,'),
(241, '192.511.91.3', '20', 'euismod est arcu ac'),
(242, '192.527.14.4', '8', 'natoque penatibus et magnis dis parturient montes, nascetur'),
(243, '192.635.32.4', '325', 'mattis. Integer eu lacus. Quisque imperdiet, erat nonummy ultricies ornare, elit elit fermentum risus, at fringilla purus mauris a'),
(244, '192.646.06.7', '466', 'malesuada fames ac turpis egestas. Aliquam fringilla cursus purus. Nullam scelerisque neque sed sem egestas blandit. Nam nulla magna, malesuada'),
(245, '192.223.88.8', '106', 'natoque penatibus et magnis dis parturient montes, nascetur ridiculus mus. Proin vel nisl. Quisque'),
(246, '192.581.32.6', '55', 'aliquam iaculis, lacus pede sagittis augue, eu tempor erat neque non quam. Pellentesque habitant morbi'),
(247, '192.332.88.1', '34', 'feugiat placerat velit. Quisque varius. Nam porttitor scelerisque'),
(248, '192.707.94.3', '136', 'mauris ipsum porta elit,'),
(249, '192.021.41.1', '28', 'risus a ultricies adipiscing, enim mi tempor lorem, eget mollis lectus pede et risus. Quisque libero lacus, varius'),
(250, '192.196.66.2', '223', 'ante, iaculis nec, eleifend non, dapibus rutrum, justo. Praesent luctus. Curabitur egestas nunc sed libero. Proin sed'),
(251, '192.276.65.1', '99', 'velit justo nec ante. Maecenas mi'),
(252, '192.336.72.2', '18', 'non, cursus non,'),
(253, '192.735.14.4', '230', 'viverra. Maecenas iaculis'),
(254, '192.343.24.4', '189', 'Fusce aliquet magna a neque. Nullam'),
(255, '192.153.08.4', '3', 'senectus et netus'),
(256, '192.447.42.5', '181', 'Sed et libero. Proin mi. Aliquam gravida mauris ut mi. Duis risus odio, auctor vitae, aliquet nec,'),
(257, '192.624.16.3', '309', 'lacus. Cras interdum. Nunc sollicitudin commodo ipsum. Suspendisse non leo. Vivamus nibh dolor, nonummy ac, feugiat non, lobortis quis, pede.'),
(258, '192.950.13.6', '122', 'purus, in molestie tortor nibh sit amet orci. Ut sagittis lobortis mauris.'),
(259, '192.057.88.0', '344', 'Integer mollis. Integer tincidunt aliquam arcu. Aliquam ultrices'),
(260, '192.575.12.6', '2', 'ac, fermentum vel, mauris. Integer sem'),
(261, '192.541.88.8', '220', 'In faucibus. Morbi vehicula. Pellentesque tincidunt tempus'),
(262, '192.185.78.3', '175', 'hendrerit neque. In ornare sagittis felis. Donec tempor, est ac'),
(263, '192.038.17.4', '480', 'enim'),
(264, '192.817.57.1', '259', 'non sapien molestie orci'),
(265, '192.861.61.0', '472', 'est tempor bibendum. Donec felis orci, adipiscing non, luctus sit'),
(266, '192.218.18.3', '61', 'lectus rutrum urna, nec luctus felis purus ac tellus.'),
(267, '192.362.17.2', '357', 'fringilla cursus'),
(268, '192.212.16.7', '378', 'diam dictum sapien. Aenean massa. Integer vitae'),
(269, '192.883.78.1', '129', 'Duis elementum, dui quis'),
(270, '192.715.23.8', '127', 'In tincidunt congue turpis. In condimentum. Donec at arcu. Vestibulum ante ipsum primis in faucibus orci'),
(271, '192.962.15.4', '426', 'ligula. Nullam enim. Sed nulla ante, iaculis nec, eleifend non, dapibus rutrum, justo. Praesent luctus. Curabitur'),
(272, '192.147.92.7', '89', 'et, eros. Proin ultrices. Duis volutpat nunc sit amet metus. Aliquam'),
(273, '192.664.55.9', '395', 'dis parturient montes, nascetur ridiculus mus. Aenean eget magna. Suspendisse tristique neque venenatis lacus. Etiam bibendum fermentum metus. Aenean'),
(274, '192.667.28.1', '339', 'nec ante blandit viverra. Donec tempus, lorem fringilla ornare placerat, orci lacus vestibulum lorem, sit amet ultricies sem'),
(275, '192.687.74.8', '73', 'nibh sit amet orci. Ut sagittis lobortis mauris. Suspendisse aliquet molestie tellus. Aenean egestas hendrerit'),
(276, '192.327.04.6', '166', 'a, malesuada id, erat.'),
(277, '192.101.37.8', '134', 'nec tempus scelerisque, lorem ipsum sodales purus,'),
(278, '192.540.68.8', '426', 'sit amet,'),
(279, '192.476.54.8', '494', 'molestie tortor nibh sit amet orci. Ut sagittis lobortis'),
(280, '192.670.18.5', '235', 'mi lorem, vehicula et, rutrum eu, ultrices sit amet, risus. Donec nibh enim, gravida sit amet, dapibus id, blandit'),
(281, '192.759.51.1', '352', 'tellus lorem eu metus. In lorem. Donec elementum, lorem ut aliquam iaculis, lacus pede sagittis augue, eu tempor'),
(282, '192.116.86.7', '390', 'malesuada vel, convallis in, cursus et, eros. Proin ultrices. Duis volutpat nunc sit amet metus. Aliquam erat volutpat. Nulla'),
(283, '192.742.98.4', '13', 'Vivamus rhoncus. Donec'),
(284, '192.726.87.2', '286', 'luctus vulputate, nisi sem semper erat, in consectetuer ipsum nunc id enim. Curabitur massa. Vestibulum'),
(285, '192.417.25.9', '468', 'ac orci. Ut semper pretium neque. Morbi quis urna. Nunc'),
(286, '192.342.81.7', '356', 'risus varius orci, in consequat enim diam vel arcu. Curabitur ut odio vel est'),
(287, '192.788.88.4', '256', 'Vivamus nisi. Mauris nulla. Integer urna. Vivamus molestie dapibus ligula. Aliquam'),
(288, '192.835.65.7', '453', 'porttitor tellus'),
(289, '192.613.66.5', '222', 'quam, elementum at, egestas a, scelerisque'),
(290, '192.186.42.8', '213', 'gravida sit amet, dapibus id, blandit at, nisi. Cum sociis natoque penatibus et magnis dis parturient montes, nascetur'),
(291, '192.223.25.0', '150', 'tortor. Nunc commodo auctor velit. Aliquam nisl. Nulla eu neque pellentesque massa'),
(292, '192.934.62.6', '425', 'ut quam vel sapien imperdiet ornare. In faucibus. Morbi'),
(293, '192.663.57.2', '399', 'et risus. Quisque libero lacus, varius'),
(294, '192.853.55.5', '154', 'magnis dis parturient'),
(295, '192.714.17.7', '25', 'ac, feugiat non, lobortis quis, pede. Suspendisse'),
(296, '192.045.61.7', '392', 'porttitor interdum. Sed auctor odio a purus. Duis elementum, dui'),
(297, '192.166.65.3', '460', 'eros turpis non enim. Mauris quis turpis'),
(298, '192.506.17.6', '294', 'bibendum fermentum metus. Aenean sed pede nec ante'),
(299, '192.586.84.8', '255', 'Vivamus non lorem vitae odio sagittis semper.'),
(300, '192.950.40.2', '294', 'dictum placerat, augue. Sed molestie. Sed id risus'),
(301, '192.572.32.1', '3', 'diam lorem, auctor quis, tristique ac, eleifend vitae, erat. Vivamus nisi. Mauris'),
(302, '192.531.67.6', '282', 'orci lacus vestibulum lorem, sit amet ultricies sem magna nec quam. Curabitur vel lectus. Cum sociis natoque'),
(303, '192.934.38.3', '20', 'dolor dolor, tempus non,'),
(304, '192.764.86.4', '469', 'aliquet libero. Integer in magna. Phasellus dolor elit, pellentesque a, facilisis non, bibendum sed, est.'),
(305, '192.477.66.6', '224', 'ultricies dignissim lacus. Aliquam'),
(306, '192.918.54.8', '77', 'purus, in molestie tortor nibh sit amet orci. Ut sagittis'),
(307, '192.727.43.6', '399', 'arcu. Nunc mauris. Morbi non sapien molestie'),
(308, '192.687.87.1', '357', 'magnis dis parturient montes, nascetur ridiculus mus. Donec dignissim magna a'),
(309, '192.467.27.8', '451', 'interdum. Curabitur dictum. Phasellus in felis. Nulla tempor augue ac ipsum. Phasellus vitae mauris sit amet'),
(310, '192.587.16.5', '155', 'Aliquam vulputate ullamcorper magna. Sed eu eros. Nam consequat dolor vitae dolor.'),
(311, '192.161.45.8', '479', 'luctus et ultrices posuere cubilia Curae Phasellus ornare. Fusce mollis. Duis'),
(312, '192.253.47.2', '189', 'dictum eu, placerat eget, venenatis a, magna. Lorem'),
(313, '192.306.81.7', '412', 'sit amet ante. Vivamus non lorem vitae odio sagittis semper.'),
(314, '192.229.58.5', '231', 'Proin nisl sem, consequat nec, mollis vitae, posuere at, velit. Cras lorem lorem, luctus ut, pellentesque eget, dictum placerat,'),
(315, '192.657.19.3', '283', 'mi. Aliquam gravida'),
(316, '192.417.46.6', '443', 'senectus'),
(317, '192.062.51.9', '353', 'ante lectus convallis est, vitae sodales'),
(318, '192.382.43.9', '285', 'vel, vulputate eu, odio. Phasellus at'),
(319, '192.100.60.1', '292', 'eros. Nam consequat dolor vitae dolor. Donec fringilla. Donec feugiat metus sit'),
(320, '192.458.63.3', '218', 'nibh dolor, nonummy ac, feugiat non, lobortis quis, pede. Suspendisse dui. Fusce diam nunc,'),
(321, '192.444.85.2', '478', 'semper auctor. Mauris vel turpis. Aliquam adipiscing lobortis risus. In mi pede, nonummy ut, molestie in, tempus eu, ligula.'),
(322, '192.153.12.8', '293', 'Proin sed turpis nec mauris blandit mattis. Cras'),
(323, '192.362.42.2', '446', 'enim nisl'),
(324, '192.882.31.5', '186', 'sem elit, pharetra ut,'),
(325, '192.588.26.7', '26', 'interdum. Sed'),
(326, '192.191.32.1', '79', 'mauris ut mi. Duis risus odio, auctor vitae, aliquet nec, imperdiet nec, leo. Morbi neque tellus,'),
(327, '192.037.11.4', '40', 'est, congue a, aliquet vel, vulputate eu, odio. Phasellus at augue'),
(328, '192.752.75.5', '228', 'nec, mollis vitae,'),
(329, '192.351.07.0', '392', 'elit. Curabitur'),
(330, '192.751.48.7', '237', 'mollis. Integer'),
(331, '192.824.85.3', '419', 'est. Nunc laoreet lectus quis massa. Mauris vestibulum,'),
(332, '192.859.21.6', '200', 'pretium aliquet, metus urna convallis erat, eget tincidunt dui augue eu tellus. Phasellus'),
(333, '192.157.46.8', '268', 'nec urna et arcu imperdiet ullamcorper.'),
(334, '192.470.72.4', '88', 'sociis natoque penatibus et magnis dis parturient'),
(335, '192.929.23.8', '222', 'massa. Quisque porttitor eros nec tellus. Nunc lectus'),
(336, '192.182.37.6', '88', 'molestie orci tincidunt adipiscing. Mauris molestie pharetra nibh. Aliquam ornare, libero at'),
(337, '192.869.87.8', '466', 'dolor, tempus non, lacinia at, iaculis quis,'),
(338, '192.894.95.8', '222', 'urna convallis erat, eget tincidunt dui augue eu tellus. Phasellus elit pede,'),
(339, '192.522.31.6', '378', 'Class aptent taciti sociosqu ad litora torquent per conubia nostra, per inceptos hymenaeos. Mauris ut quam vel sapien imperdiet'),
(340, '192.043.18.5', '44', 'dapibus gravida. Aliquam tincidunt, nunc ac mattis ornare, lectus ante dictum mi, ac mattis velit justo nec'),
(341, '192.517.37.1', '369', 'Mauris nulla. Integer urna. Vivamus molestie dapibus ligula. Aliquam erat volutpat. Nulla dignissim.'),
(342, '192.671.71.2', '259', 'rhoncus id, mollis nec, cursus a, enim. Suspendisse aliquet, sem ut cursus luctus, ipsum leo elementum sem, vitae aliquam eros'),
(343, '192.883.26.6', '427', 'Cras pellentesque. Sed'),
(344, '192.737.75.1', '35', 'sociis natoque penatibus et magnis dis parturient montes, nascetur ridiculus mus. Proin vel nisl. Quisque'),
(345, '192.471.64.4', '383', 'Nulla tempor augue ac'),
(346, '192.284.24.9', '158', 'pede, nonummy ut, molestie in, tempus eu, ligula.'),
(347, '192.022.31.2', '175', 'pede, malesuada vel, venenatis vel, faucibus id, libero. Donec consectetuer mauris id sapien. Cras dolor dolor,'),
(348, '192.986.45.4', '161', 'Aliquam auctor, velit eget laoreet posuere, enim nisl elementum purus, accumsan'),
(349, '192.212.62.4', '101', 'luctus ut, pellentesque eget, dictum placerat, augue. Sed molestie. Sed'),
(350, '192.465.75.6', '395', 'massa rutrum magna. Cras convallis convallis dolor. Quisque tincidunt pede ac urna. Ut tincidunt'),
(351, '192.542.39.8', '243', 'urna suscipit nonummy. Fusce fermentum fermentum arcu. Vestibulum ante ipsum primis in faucibus orci luctus et ultrices'),
(352, '192.433.67.6', '316', 'est mauris, rhoncus id, mollis nec, cursus a, enim. Suspendisse aliquet, sem ut cursus luctus, ipsum'),
(353, '192.791.45.4', '268', 'cursus et, magna. Praesent interdum ligula eu enim. Etiam imperdiet dictum magna. Ut tincidunt orci quis lectus. Nullam'),
(354, '192.608.08.1', '493', 'cursus. Nunc mauris elit, dictum eu, eleifend nec, malesuada ut, sem.'),
(355, '192.358.43.0', '272', 'quam, elementum at, egestas a, scelerisque sed, sapien. Nunc pulvinar arcu et'),
(356, '192.053.47.7', '189', 'vulputate dui, nec tempus mauris erat eget ipsum. Suspendisse sagittis. Nullam vitae diam. Proin dolor. Nulla semper tellus id nunc'),
(357, '192.409.78.1', '116', 'vehicula aliquet libero. Integer in magna. Phasellus dolor'),
(358, '192.076.64.3', '376', 'Ut semper pretium neque. Morbi quis urna. Nunc quis arcu vel quam'),
(359, '192.811.13.5', '308', 'pede. Cum sociis natoque penatibus et magnis dis parturient montes, nascetur ridiculus mus. Proin vel arcu eu'),
(360, '192.303.16.6', '349', 'orci, adipiscing non,'),
(361, '192.634.68.9', '358', 'sit amet orci. Ut sagittis lobortis mauris. Suspendisse aliquet molestie tellus. Aenean'),
(362, '192.667.56.5', '51', 'pellentesque a, facilisis non,'),
(363, '192.315.27.7', '384', 'at sem molestie sodales. Mauris blandit enim consequat purus. Maecenas libero est, congue a,'),
(364, '192.326.70.4', '216', 'pede, ultrices a, auctor non, feugiat nec, diam. Duis'),
(365, '192.255.16.8', '170', 'ante, iaculis nec, eleifend'),
(366, '192.214.37.1', '29', 'orci luctus et ultrices posuere cubilia Curae'),
(367, '192.543.49.7', '298', 'Etiam vestibulum massa rutrum magna. Cras convallis convallis dolor. Quisque tincidunt pede ac urna. Ut tincidunt vehicula risus.'),
(368, '192.582.88.6', '74', 'eleifend non, dapibus rutrum,'),
(369, '192.847.16.6', '310', 'sed consequat auctor, nunc nulla vulputate dui, nec tempus mauris erat eget ipsum. Suspendisse sagittis. Nullam vitae diam.'),
(370, '192.323.35.1', '105', 'porttitor scelerisque neque. Nullam nisl. Maecenas malesuada fringilla est. Mauris eu turpis. Nulla aliquet. Proin velit. Sed malesuada augue'),
(371, '192.340.78.6', '420', 'vel arcu eu odio tristique pharetra. Quisque ac libero nec ligula consectetuer rhoncus.'),
(372, '192.681.92.4', '160', 'pede, ultrices a, auctor non, feugiat nec, diam. Duis mi enim,'),
(373, '192.321.68.7', '119', 'dui nec urna suscipit nonummy. Fusce'),
(374, '192.067.47.1', '40', 'Phasellus elit pede, malesuada vel, venenatis vel, faucibus id, libero. Donec consectetuer mauris id sapien. Cras dolor dolor,'),
(375, '192.217.00.7', '107', 'metus sit amet ante. Vivamus non lorem vitae odio sagittis semper. Nam tempor diam dictum sapien.'),
(376, '192.730.94.1', '135', 'enim non nisi. Aenean eget metus. In nec'),
(377, '192.641.18.6', '359', 'Phasellus dolor elit, pellentesque a, facilisis non, bibendum sed, est. Nunc laoreet lectus quis massa. Mauris vestibulum, neque'),
(378, '192.296.32.4', '404', 'orci, in consequat enim diam'),
(379, '192.274.11.2', '354', 'Donec est mauris, rhoncus id, mollis nec, cursus a, enim. Suspendisse aliquet,'),
(380, '192.316.83.7', '406', 'arcu iaculis enim, sit amet ornare lectus justo eu arcu. Morbi sit amet massa. Quisque porttitor eros'),
(381, '192.351.23.4', '263', 'libero lacus, varius et, euismod et, commodo at, libero. Morbi accumsan laoreet ipsum. Curabitur consequat, lectus sit amet'),
(382, '192.237.28.1', '363', 'in aliquet lobortis, nisi nibh lacinia orci,'),
(383, '192.584.12.3', '106', 'erat vitae risus. Duis'),
(384, '192.248.43.0', '444', 'luctus.'),
(385, '192.840.65.2', '348', 'commodo auctor velit. Aliquam nisl. Nulla eu neque pellentesque massa lobortis'),
(386, '192.120.64.5', '151', 'amet ante. Vivamus non lorem vitae'),
(387, '192.942.63.3', '446', 'lorem ac risus. Morbi metus. Vivamus euismod urna. Nullam lobortis quam a felis ullamcorper viverra.'),
(388, '192.577.21.5', '285', 'massa. Suspendisse eleifend. Cras sed leo.'),
(389, '192.472.74.8', '302', 'Donec'),
(390, '192.201.66.6', '94', 'eu tellus. Phasellus elit pede, malesuada vel, venenatis vel, faucibus id, libero. Donec consectetuer mauris id sapien. Cras dolor'),
(391, '192.204.76.1', '291', 'lorem, auctor quis, tristique ac, eleifend vitae, erat. Vivamus nisi. Mauris nulla. Integer urna. Vivamus'),
(392, '192.658.33.3', '489', 'amet ante. Vivamus'),
(393, '192.496.28.8', '89', 'consectetuer mauris id sapien. Cras dolor dolor,'),
(394, '192.741.97.2', '16', 'Lorem ipsum dolor sit amet, consectetuer adipiscing elit. Aliquam auctor, velit eget laoreet posuere, enim nisl elementum'),
(395, '192.413.82.6', '155', 'Vivamus non lorem vitae odio sagittis semper. Nam tempor diam dictum sapien. Aenean massa. Integer vitae nibh. Donec'),
(396, '192.614.26.5', '265', 'parturient montes,'),
(397, '192.028.88.0', '395', 'dictum. Proin eget odio. Aliquam vulputate ullamcorper'),
(398, '192.374.64.0', '491', 'rutrum, justo. Praesent luctus. Curabitur'),
(399, '192.328.34.7', '121', 'habitant morbi tristique senectus et netus et malesuada fames ac turpis egestas. Fusce aliquet magna a neque.'),
(400, '192.168.01.2', '216', 'fringilla,'),
(401, '192.333.81.3', '45', 'facilisis vitae, orci. Phasellus dapibus quam quis diam. Pellentesque habitant morbi tristique senectus et netus et malesuada fames ac'),
(402, '192.532.41.7', '37', 'facilisis vitae, orci. Phasellus dapibus quam quis diam. Pellentesque habitant morbi tristique senectus et netus'),
(403, '192.451.52.4', '38', 'risus quis diam luctus lobortis. Class aptent taciti sociosqu ad litora torquent per conubia nostra, per inceptos hymenaeos.'),
(404, '192.066.76.3', '397', 'fermentum fermentum arcu. Vestibulum ante ipsum primis in faucibus orci'),
(405, '192.474.46.5', '399', 'Quisque varius. Nam'),
(406, '192.641.29.2', '486', 'gravida. Aliquam tincidunt, nunc ac mattis'),
(407, '192.243.84.0', '264', 'a, aliquet vel, vulputate eu, odio. Phasellus at augue id ante dictum cursus. Nunc mauris elit,'),
(408, '192.337.82.7', '492', 'turpis. In condimentum. Donec at arcu. Vestibulum ante ipsum primis in faucibus'),
(409, '192.787.11.5', '289', 'Duis dignissim tempor arcu. Vestibulum ut eros non enim commodo'),
(410, '192.855.86.4', '264', 'Cras dolor dolor, tempus non, lacinia'),
(411, '192.475.26.6', '167', 'ligula eu'),
(412, '192.685.52.2', '29', 'quam dignissim pharetra. Nam ac nulla. In tincidunt congue turpis. In'),
(413, '192.262.71.6', '419', 'Etiam vestibulum massa rutrum'),
(414, '192.875.15.3', '127', 'sit amet ornare lectus justo eu arcu. Morbi sit amet massa. Quisque porttitor eros nec tellus. Nunc'),
(415, '192.886.58.9', '60', 'aliquam'),
(416, '192.588.74.9', '71', 'justo nec ante.'),
(417, '192.487.58.6', '294', 'ligula tortor, dictum eu, placerat eget, venenatis a, magna. Lorem ipsum dolor sit'),
(418, '192.440.11.6', '421', 'tempus mauris erat'),
(419, '192.249.16.3', '97', 'amet ornare lectus justo eu arcu. Morbi sit amet massa. Quisque porttitor eros nec tellus. Nunc lectus pede, ultrices'),
(420, '192.542.22.8', '151', 'Aliquam erat volutpat. Nulla dignissim. Maecenas ornare egestas ligula.'),
(421, '192.383.76.2', '323', 'est mauris, rhoncus id, mollis nec,'),
(422, '192.486.77.1', '340', 'est, mollis non, cursus non, egestas'),
(423, '192.640.34.6', '146', 'mauris, rhoncus id, mollis nec, cursus a, enim. Suspendisse aliquet, sem'),
(424, '192.336.60.3', '55', 'arcu. Morbi sit'),
(425, '192.265.27.6', '187', 'in, dolor. Fusce feugiat. Lorem ipsum dolor sit'),
(426, '192.452.32.8', '323', 'a neque. Nullam ut nisi a odio semper cursus. Integer mollis. Integer tincidunt aliquam arcu. Aliquam ultrices iaculis'),
(427, '192.462.36.8', '314', 'a, auctor non, feugiat nec, diam. Duis mi enim, condimentum eget, volutpat ornare,'),
(428, '192.437.78.0', '351', 'et magnis dis parturient montes, nascetur ridiculus mus. Proin vel arcu eu odio tristique pharetra. Quisque'),
(429, '192.578.13.2', '147', 'non enim. Mauris quis turpis vitae purus gravida sagittis. Duis gravida. Praesent eu nulla at sem molestie sodales.'),
(430, '192.085.51.0', '300', 'massa rutrum magna.'),
(431, '192.847.94.6', '127', 'dolor egestas rhoncus. Proin nisl sem, consequat nec, mollis vitae, posuere at,'),
(432, '192.943.26.2', '77', 'tellus, imperdiet non, vestibulum nec, euismod in, dolor. Fusce feugiat. Lorem ipsum'),
(433, '192.114.72.4', '149', 'tempus, lorem fringilla ornare placerat, orci lacus vestibulum lorem, sit amet ultricies sem magna nec quam. Curabitur vel lectus.'),
(434, '192.313.91.3', '345', 'amet, faucibus'),
(435, '192.648.61.5', '331', 'ipsum. Donec sollicitudin adipiscing'),
(436, '192.484.10.4', '146', 'eleifend, nunc risus varius orci, in consequat enim diam vel'),
(437, '192.826.52.2', '274', 'Sed congue, elit sed consequat auctor, nunc nulla vulputate dui, nec tempus mauris'),
(438, '192.182.77.5', '295', 'Nam ligula elit, pretium et, rutrum non, hendrerit id, ante. Nunc mauris sapien, cursus in, hendrerit consectetuer,'),
(439, '192.831.78.3', '218', 'Phasellus libero'),
(440, '192.257.96.2', '166', 'ipsum primis in faucibus orci luctus et ultrices posuere cubilia Curae Phasellus ornare. Fusce'),
(441, '192.086.20.3', '256', 'arcu. Curabitur ut odio vel est tempor bibendum. Donec felis orci, adipiscing non, luctus sit amet, faucibus'),
(442, '192.336.47.8', '129', 'justo sit amet nulla. Donec non justo. Proin non massa non ante bibendum ullamcorper. Duis cursus, diam at pretium'),
(443, '192.832.77.4', '61', 'ultricies adipiscing, enim mi tempor lorem, eget mollis lectus pede et risus. Quisque libero lacus, varius et, euismod'),
(444, '192.690.91.7', '82', 'metus. Aliquam erat volutpat.'),
(445, '192.917.86.1', '472', 'eget magna. Suspendisse tristique neque venenatis lacus. Etiam bibendum fermentum metus. Aenean'),
(446, '192.550.45.9', '103', 'sem, vitae aliquam eros turpis'),
(447, '192.352.33.3', '419', 'Nunc ac sem ut dolor dapibus gravida. Aliquam tincidunt,'),
(448, '192.372.05.3', '299', 'non ante bibendum ullamcorper. Duis cursus, diam at pretium aliquet, metus urna'),
(449, '192.790.47.8', '373', 'at pede. Cras vulputate velit eu sem. Pellentesque ut ipsum ac mi eleifend egestas. Sed pharetra, felis'),
(450, '192.137.87.3', '247', 'Cras interdum. Nunc sollicitudin commodo ipsum. Suspendisse non'),
(451, '192.666.69.6', '378', 'Curae Phasellus ornare. Fusce mollis. Duis sit'),
(452, '192.851.66.2', '314', 'quis turpis vitae purus gravida sagittis. Duis gravida. Praesent eu nulla at sem molestie sodales. Mauris blandit enim'),
(453, '192.066.60.6', '418', 'consectetuer adipiscing elit. Curabitur sed tortor. Integer aliquam adipiscing lacus. Ut nec urna et arcu imperdiet ullamcorper. Duis'),
(454, '192.953.67.8', '173', 'Donec nibh. Quisque nonummy ipsum non arcu. Vivamus sit amet'),
(455, '192.856.47.8', '59', 'libero mauris, aliquam eu, accumsan sed, facilisis vitae,'),
(456, '192.494.86.2', '328', 'ornare lectus justo'),
(457, '192.121.85.5', '199', 'et risus. Quisque libero lacus, varius et, euismod et, commodo at, libero. Morbi accumsan laoreet'),
(458, '192.877.56.4', '61', 'pharetra nibh.'),
(459, '192.825.82.4', '166', 'ultrices a, auctor non, feugiat nec, diam. Duis mi enim, condimentum eget, volutpat ornare, facilisis eget, ipsum. Donec sollicitudin'),
(460, '192.236.57.8', '177', 'Donec at arcu. Vestibulum ante ipsum primis in faucibus'),
(461, '192.768.67.5', '67', 'vel est tempor bibendum.'),
(462, '192.162.64.6', '398', 'id, mollis nec, cursus'),
(463, '192.458.24.2', '104', 'vitae dolor. Donec'),
(464, '192.871.53.9', '41', 'gravida. Aliquam tincidunt, nunc ac mattis ornare, lectus ante dictum mi, ac mattis velit justo nec ante.'),
(465, '192.785.06.9', '165', 'Donec est mauris, rhoncus id, mollis nec, cursus a, enim. Suspendisse aliquet, sem ut cursus luctus, ipsum'),
(466, '192.211.40.4', '452', 'et risus. Quisque libero lacus, varius et, euismod et,'),
(467, '192.881.48.5', '457', 'dui augue eu tellus. Phasellus elit pede, malesuada vel, venenatis vel, faucibus id, libero. Donec consectetuer mauris'),
(468, '192.889.70.0', '154', 'lacus. Aliquam rutrum lorem ac risus. Morbi metus. Vivamus euismod urna. Nullam lobortis quam a'),
(469, '192.184.94.4', '139', 'natoque penatibus et magnis dis parturient'),
(470, '192.966.45.8', '37', 'erat vitae risus. Duis a mi fringilla mi lacinia mattis. Integer eu lacus. Quisque imperdiet, erat nonummy ultricies ornare, elit'),
(471, '192.557.63.6', '358', 'Proin ultrices. Duis volutpat nunc sit amet metus. Aliquam erat volutpat. Nulla facilisis. Suspendisse commodo'),
(472, '192.129.82.7', '140', 'eleifend vitae, erat. Vivamus nisi. Mauris nulla. Integer urna. Vivamus molestie dapibus ligula. Aliquam erat volutpat.'),
(473, '192.746.95.7', '419', 'elit. Nulla facilisi. Sed neque. Sed eget'),
(474, '192.238.88.4', '151', 'cursus in, hendrerit consectetuer,'),
(475, '192.313.11.3', '225', 'nonummy ultricies ornare, elit elit fermentum risus, at fringilla purus mauris a nunc. In at pede.'),
(476, '192.144.57.9', '243', 'et arcu imperdiet ullamcorper. Duis at lacus. Quisque purus sapien, gravida'),
(477, '192.331.62.8', '273', 'nulla magna, malesuada vel, convallis'),
(478, '192.154.55.2', '367', 'hendrerit'),
(479, '192.473.37.0', '51', 'tellus. Phasellus elit pede, malesuada vel, venenatis vel, faucibus id, libero.'),
(480, '192.555.31.7', '453', 'dapibus gravida. Aliquam tincidunt,'),
(481, '192.714.66.9', '74', 'hendrerit id, ante. Nunc mauris sapien, cursus in, hendrerit consectetuer, cursus et, magna.'),
(482, '192.145.63.8', '401', 'ante dictum mi, ac mattis'),
(483, '192.084.94.0', '72', 'Vestibulum'),
(484, '192.469.06.0', '292', 'Duis sit amet diam eu dolor egestas rhoncus. Proin nisl sem, consequat nec, mollis vitae, posuere at, velit. Cras'),
(485, '192.025.52.8', '35', 'dui, in sodales elit erat vitae risus. Duis a mi'),
(486, '192.244.46.2', '178', 'Cras vehicula aliquet libero. Integer in magna. Phasellus dolor elit, pellentesque a, facilisis non, bibendum'),
(487, '192.997.52.8', '450', 'arcu ac orci. Ut semper pretium'),
(488, '192.477.38.6', '208', 'consequat, lectus sit amet luctus vulputate, nisi sem semper erat, in'),
(489, '192.394.24.1', '306', 'eu, ligula. Aenean'),
(490, '192.951.44.2', '407', 'Suspendisse dui.'),
(491, '192.185.32.5', '334', 'egestas rhoncus. Proin'),
(492, '192.265.55.7', '161', 'placerat, augue. Sed molestie. Sed'),
(493, '192.164.77.4', '88', 'sociis natoque penatibus et magnis dis parturient montes, nascetur ridiculus mus. Proin vel arcu eu odio tristique pharetra. Quisque'),
(494, '192.782.77.3', '321', 'et, commodo at, libero. Morbi accumsan laoreet ipsum. Curabitur consequat, lectus sit amet luctus vulputate, nisi sem semper erat, in'),
(495, '192.831.32.4', '163', 'semper cursus. Integer mollis.'),
(496, '192.783.54.3', '214', 'auctor vitae, aliquet nec, imperdiet nec, leo.'),
(497, '192.839.27.4', '251', 'Phasellus dapibus quam quis diam. Pellentesque habitant'),
(498, '192.154.73.1', '398', 'consequat enim diam vel arcu. Curabitur ut odio'),
(499, '192.161.73.3', '332', 'nunc'),
(500, '192.269.01.8', '447', 'tellus'),
(1633413497, '4', '4', '4'),
(1633413505, '3', '3', '3'),
(1633413508, '2', '2', '2');

-- --------------------------------------------------------

--
-- Структура таблицы `Installation`
--

CREATE TABLE `Installation` (
  `id_program` int(11) NOT NULL,
  `number_computer` int(11) NOT NULL,
  `installation_date` date NOT NULL,
  `installation_mode` varchar(45) DEFAULT NULL
) ENGINE=InnoDB DEFAULT CHARSET=utf8;

--
-- Дамп данных таблицы `Installation`
--

INSERT INTO `Installation` (`id_program`, `number_computer`, `installation_date`, `installation_mode`) VALUES
(1, 5, '2026-07-20', 'bfgjknbjk'),
(1, 5, '2010-01-01', 'bfgjknbjk'),
(1, 5, '2010-01-01', 'bfgjknbjk'),
(111, 115, '0000-00-00', 'локальный'),
(278, 396, '0000-00-00', 'локальный'),
(260, 212, '0000-00-00', ' полный'),
(212, 113, '0000-00-00', 'сетевой'),
(473, 22, '0000-00-00', 'демо - версия'),
(91, 348, '0000-00-00', 'демо - версия'),
(481, 346, '0000-00-00', ' полный'),
(116, 304, '0000-00-00', 'локальный'),
(452, 198, '0000-00-00', 'сетевой'),
(61, 177, '0000-00-00', 'демо - версия'),
(20, 498, '0000-00-00', ' полный'),
(391, 159, '0000-00-00', 'демо - версия'),
(289, 324, '0000-00-00', ' полный'),
(342, 266, '0000-00-00', 'локальный'),
(234, 264, '0000-00-00', 'сетевой'),
(217, 376, '0000-00-00', ' полный'),
(424, 455, '0000-00-00', 'демо - версия'),
(456, 15, '0000-00-00', ' полный'),
(251, 164, '0000-00-00', 'локальный'),
(438, 34, '0000-00-00', 'демо - версия'),
(328, 183, '0000-00-00', 'локальный'),
(460, 120, '0000-00-00', 'локальный'),
(356, 348, '0000-00-00', 'сетевой'),
(269, 27, '0000-00-00', 'демо - версия'),
(349, 6, '0000-00-00', 'демо - версия'),
(192, 372, '0000-00-00', 'демо - версия'),
(476, 235, '0000-00-00', ' полный'),
(438, 4, '0000-00-00', 'демо - версия'),
(231, 459, '0000-00-00', 'демо - версия'),
(318, 44, '0000-00-00', 'демо - версия'),
(280, 360, '0000-00-00', 'демо - версия'),
(397, 58, '0000-00-00', ' полный'),
(252, 41, '0000-00-00', ' полный'),
(371, 400, '0000-00-00', 'локальный'),
(428, 284, '0000-00-00', 'демо - версия'),
(310, 98, '0000-00-00', 'локальный'),
(415, 468, '0000-00-00', 'демо - версия'),
(498, 438, '0000-00-00', 'демо - версия'),
(28, 393, '0000-00-00', 'локальный'),
(162, 140, '0000-00-00', ' полный'),
(374, 440, '0000-00-00', 'сетевой'),
(116, 388, '0000-00-00', 'демо - версия'),
(305, 373, '0000-00-00', 'сетевой'),
(250, 459, '0000-00-00', 'демо - версия'),
(452, 141, '0000-00-00', 'сетевой'),
(253, 380, '0000-00-00', 'демо - версия'),
(43, 385, '0000-00-00', 'демо - версия'),
(202, 4, '0000-00-00', 'демо - версия'),
(254, 115, '0000-00-00', ' полный'),
(285, 19, '0000-00-00', ' полный'),
(418, 363, '0000-00-00', 'локальный'),
(96, 155, '0000-00-00', ' полный'),
(50, 358, '0000-00-00', ' полный'),
(201, 321, '0000-00-00', 'сетевой'),
(120, 136, '0000-00-00', ' полный'),
(173, 234, '0000-00-00', ' полный'),
(203, 56, '0000-00-00', 'локальный'),
(267, 322, '0000-00-00', 'локальный'),
(354, 493, '0000-00-00', 'демо - версия'),
(298, 338, '0000-00-00', 'демо - версия'),
(395, 306, '0000-00-00', 'локальный'),
(426, 374, '0000-00-00', 'демо - версия'),
(464, 189, '0000-00-00', 'локальный'),
(133, 236, '0000-00-00', ' полный'),
(21, 490, '0000-00-00', 'демо - версия'),
(378, 222, '0000-00-00', 'демо - версия'),
(429, 307, '0000-00-00', 'сетевой'),
(232, 53, '0000-00-00', 'демо - версия'),
(22, 223, '0000-00-00', 'демо - версия'),
(277, 268, '0000-00-00', ' полный'),
(317, 339, '0000-00-00', 'демо - версия'),
(415, 286, '0000-00-00', 'демо - версия'),
(338, 285, '0000-00-00', 'демо - версия'),
(237, 294, '0000-00-00', 'демо - версия'),
(285, 304, '0000-00-00', ' полный'),
(400, 392, '0000-00-00', 'демо - версия'),
(188, 401, '0000-00-00', ' полный'),
(205, 33, '0000-00-00', 'демо - версия'),
(177, 350, '0000-00-00', ' полный'),
(380, 217, '0000-00-00', 'демо - версия'),
(123, 313, '0000-00-00', 'локальный'),
(75, 34, '0000-00-00', ' полный'),
(145, 381, '0000-00-00', 'демо - версия'),
(292, 289, '0000-00-00', 'демо - версия'),
(313, 193, '0000-00-00', 'демо - версия'),
(436, 214, '0000-00-00', ' полный'),
(70, 355, '0000-00-00', 'локальный'),
(30, 303, '0000-00-00', 'сетевой'),
(205, 190, '0000-00-00', 'демо - версия'),
(417, 136, '0000-00-00', 'локальный'),
(197, 266, '0000-00-00', 'локальный'),
(365, 247, '0000-00-00', 'демо - версия'),
(176, 251, '0000-00-00', 'локальный'),
(31, 303, '0000-00-00', 'локальный'),
(122, 473, '0000-00-00', 'сетевой'),
(468, 91, '0000-00-00', 'демо - версия'),
(380, 235, '0000-00-00', ' полный'),
(425, 332, '0000-00-00', 'сетевой'),
(246, 132, '0000-00-00', 'локальный'),
(341, 2, '0000-00-00', ' полный'),
(182, 385, '0000-00-00', 'локальный'),
(288, 254, '0000-00-00', 'локальный'),
(297, 202, '0000-00-00', 'демо - версия'),
(43, 369, '0000-00-00', 'демо - версия'),
(232, 134, '0000-00-00', ' полный'),
(436, 383, '0000-00-00', 'сетевой'),
(465, 160, '0000-00-00', ' полный'),
(221, 318, '0000-00-00', 'локальный'),
(391, 189, '0000-00-00', 'локальный'),
(293, 369, '0000-00-00', 'демо - версия'),
(495, 500, '0000-00-00', 'локальный'),
(178, 67, '0000-00-00', ' полный'),
(90, 2, '0000-00-00', 'демо - версия'),
(401, 16, '0000-00-00', 'локальный'),
(84, 87, '0000-00-00', 'сетевой'),
(357, 58, '0000-00-00', 'сетевой'),
(206, 65, '0000-00-00', 'сетевой'),
(249, 33, '0000-00-00', 'демо - версия'),
(304, 456, '0000-00-00', ' полный'),
(357, 435, '0000-00-00', ' полный'),
(106, 314, '0000-00-00', 'сетевой'),
(26, 81, '0000-00-00', 'демо - версия'),
(450, 67, '0000-00-00', 'демо - версия'),
(186, 251, '0000-00-00', ' полный'),
(59, 236, '0000-00-00', 'локальный'),
(42, 185, '0000-00-00', 'демо - версия'),
(44, 186, '0000-00-00', ' полный'),
(240, 150, '0000-00-00', 'демо - версия'),
(25, 313, '0000-00-00', 'демо - версия'),
(115, 107, '0000-00-00', 'локальный'),
(309, 210, '0000-00-00', 'локальный'),
(148, 118, '0000-00-00', 'локальный'),
(94, 96, '0000-00-00', 'демо - версия'),
(162, 10, '0000-00-00', 'сетевой'),
(451, 306, '0000-00-00', 'сетевой'),
(164, 463, '0000-00-00', 'сетевой'),
(85, 169, '0000-00-00', 'демо - версия'),
(339, 122, '0000-00-00', 'сетевой'),
(463, 131, '0000-00-00', 'демо - версия'),
(154, 379, '0000-00-00', 'демо - версия'),
(7, 283, '0000-00-00', ' полный'),
(271, 344, '0000-00-00', ' полный'),
(384, 324, '0000-00-00', 'демо - версия'),
(272, 10, '0000-00-00', 'демо - версия'),
(7, 330, '0000-00-00', 'локальный'),
(107, 121, '0000-00-00', ' полный'),
(159, 215, '0000-00-00', ' полный'),
(498, 468, '0000-00-00', ' полный'),
(485, 122, '0000-00-00', 'локальный'),
(236, 173, '0000-00-00', ' полный'),
(406, 287, '0000-00-00', 'демо - версия'),
(403, 81, '0000-00-00', 'локальный'),
(8, 194, '0000-00-00', 'демо - версия'),
(329, 239, '0000-00-00', 'локальный'),
(495, 269, '0000-00-00', 'сетевой'),
(85, 228, '0000-00-00', ' полный'),
(74, 322, '0000-00-00', 'локальный'),
(243, 415, '0000-00-00', 'сетевой'),
(483, 161, '0000-00-00', 'демо - версия'),
(131, 90, '0000-00-00', ' полный'),
(440, 294, '0000-00-00', 'сетевой'),
(124, 114, '0000-00-00', 'сетевой'),
(58, 445, '0000-00-00', 'локальный'),
(489, 280, '0000-00-00', 'сетевой'),
(147, 455, '0000-00-00', 'локальный'),
(443, 81, '0000-00-00', 'локальный'),
(233, 208, '0000-00-00', 'сетевой'),
(202, 314, '0000-00-00', ' полный'),
(158, 30, '0000-00-00', 'локальный'),
(446, 449, '0000-00-00', 'локальный'),
(442, 392, '0000-00-00', 'сетевой'),
(251, 456, '0000-00-00', 'демо - версия'),
(424, 351, '0000-00-00', 'демо - версия'),
(412, 384, '0000-00-00', 'сетевой'),
(106, 487, '0000-00-00', ' полный'),
(358, 458, '0000-00-00', ' полный'),
(116, 1, '0000-00-00', 'сетевой'),
(371, 259, '0000-00-00', 'локальный'),
(363, 65, '0000-00-00', 'демо - версия'),
(227, 314, '0000-00-00', 'сетевой'),
(176, 418, '0000-00-00', 'локальный'),
(224, 322, '0000-00-00', ' полный'),
(337, 462, '0000-00-00', ' полный'),
(16, 233, '0000-00-00', 'локальный'),
(173, 418, '0000-00-00', 'сетевой'),
(343, 179, '0000-00-00', 'сетевой'),
(240, 493, '0000-00-00', ' полный'),
(64, 266, '0000-00-00', 'локальный'),
(418, 52, '0000-00-00', ' полный'),
(284, 34, '0000-00-00', 'локальный'),
(319, 103, '0000-00-00', 'локальный'),
(20, 207, '0000-00-00', 'сетевой'),
(104, 454, '0000-00-00', 'сетевой'),
(264, 87, '0000-00-00', 'демо - версия'),
(94, 344, '0000-00-00', 'сетевой'),
(5, 180, '0000-00-00', 'локальный'),
(128, 310, '0000-00-00', ' полный'),
(1, 45, '0000-00-00', ' полный'),
(312, 482, '0000-00-00', 'сетевой'),
(216, 29, '0000-00-00', 'сетевой'),
(362, 205, '0000-00-00', 'сетевой'),
(78, 487, '0000-00-00', ' полный'),
(384, 236, '0000-00-00', ' полный'),
(186, 461, '0000-00-00', 'локальный'),
(320, 30, '0000-00-00', ' полный'),
(32, 62, '0000-00-00', 'локальный'),
(132, 191, '0000-00-00', ' полный'),
(243, 247, '0000-00-00', 'сетевой'),
(133, 475, '0000-00-00', 'локальный'),
(483, 500, '0000-00-00', 'локальный'),
(364, 456, '0000-00-00', 'локальный'),
(491, 448, '0000-00-00', 'локальный'),
(492, 464, '0000-00-00', 'демо - версия'),
(190, 365, '0000-00-00', 'демо - версия'),
(434, 291, '0000-00-00', 'сетевой'),
(164, 121, '0000-00-00', 'сетевой'),
(271, 387, '0000-00-00', ' полный'),
(473, 334, '0000-00-00', 'локальный'),
(205, 128, '0000-00-00', 'демо - версия'),
(415, 143, '0000-00-00', ' полный'),
(253, 135, '0000-00-00', ' полный'),
(439, 257, '0000-00-00', 'демо - версия'),
(211, 79, '0000-00-00', ' полный'),
(30, 46, '0000-00-00', 'сетевой'),
(204, 397, '0000-00-00', 'локальный'),
(467, 262, '0000-00-00', 'сетевой'),
(197, 412, '0000-00-00', 'сетевой'),
(191, 384, '0000-00-00', 'демо - версия'),
(173, 290, '0000-00-00', 'локальный'),
(13, 15, '0000-00-00', 'демо - версия'),
(435, 298, '0000-00-00', 'сетевой'),
(206, 116, '0000-00-00', 'локальный'),
(210, 172, '0000-00-00', 'локальный'),
(48, 161, '0000-00-00', ' полный'),
(161, 359, '0000-00-00', ' полный'),
(335, 19, '0000-00-00', 'сетевой'),
(79, 98, '0000-00-00', 'демо - версия'),
(253, 188, '0000-00-00', ' полный'),
(357, 463, '0000-00-00', 'локальный'),
(29, 183, '0000-00-00', 'сетевой'),
(216, 241, '0000-00-00', 'сетевой'),
(257, 343, '0000-00-00', 'сетевой'),
(211, 66, '0000-00-00', 'демо - версия'),
(96, 479, '0000-00-00', 'демо - версия'),
(439, 277, '0000-00-00', 'демо - версия'),
(99, 232, '0000-00-00', 'локальный'),
(307, 383, '0000-00-00', ' полный'),
(205, 459, '0000-00-00', 'демо - версия'),
(304, 218, '0000-00-00', 'локальный'),
(55, 123, '0000-00-00', 'демо - версия'),
(108, 159, '0000-00-00', 'локальный'),
(147, 78, '0000-00-00', 'сетевой'),
(310, 14, '0000-00-00', 'локальный'),
(46, 157, '0000-00-00', 'сетевой'),
(104, 166, '0000-00-00', 'сетевой'),
(477, 285, '0000-00-00', 'локальный'),
(367, 385, '0000-00-00', 'демо - версия'),
(302, 74, '0000-00-00', 'демо - версия'),
(120, 306, '0000-00-00', 'демо - версия'),
(244, 14, '0000-00-00', 'демо - версия'),
(228, 395, '0000-00-00', 'локальный'),
(396, 327, '0000-00-00', 'сетевой'),
(401, 80, '0000-00-00', ' полный'),
(68, 78, '0000-00-00', ' полный'),
(488, 138, '0000-00-00', 'сетевой'),
(84, 355, '0000-00-00', 'сетевой'),
(191, 395, '0000-00-00', 'сетевой'),
(167, 111, '0000-00-00', ' полный'),
(101, 108, '0000-00-00', 'сетевой'),
(201, 285, '0000-00-00', ' полный'),
(419, 492, '0000-00-00', ' полный'),
(372, 342, '0000-00-00', 'локальный'),
(32, 64, '0000-00-00', 'демо - версия'),
(54, 120, '0000-00-00', ' полный'),
(352, 371, '0000-00-00', 'локальный'),
(36, 146, '0000-00-00', 'сетевой'),
(52, 59, '0000-00-00', ' полный'),
(180, 459, '0000-00-00', 'демо - версия'),
(281, 171, '0000-00-00', ' полный'),
(442, 20, '0000-00-00', 'демо - версия'),
(136, 39, '0000-00-00', 'сетевой'),
(486, 413, '0000-00-00', 'демо - версия'),
(283, 371, '0000-00-00', ' полный'),
(493, 270, '0000-00-00', 'демо - версия'),
(240, 45, '0000-00-00', ' полный'),
(390, 336, '0000-00-00', ' полный'),
(468, 274, '0000-00-00', 'сетевой'),
(299, 220, '0000-00-00', 'сетевой'),
(450, 69, '0000-00-00', 'демо - версия'),
(86, 238, '0000-00-00', 'демо - версия'),
(83, 9, '0000-00-00', ' полный'),
(104, 217, '0000-00-00', 'локальный'),
(251, 254, '0000-00-00', 'локальный'),
(29, 318, '0000-00-00', ' полный'),
(383, 218, '0000-00-00', 'локальный'),
(67, 334, '0000-00-00', ' полный'),
(379, 195, '0000-00-00', 'локальный'),
(238, 302, '0000-00-00', 'сетевой'),
(99, 13, '0000-00-00', 'демо - версия'),
(435, 391, '0000-00-00', 'локальный'),
(353, 312, '0000-00-00', ' полный'),
(54, 46, '0000-00-00', 'демо - версия'),
(1, 384, '0000-00-00', 'демо - версия'),
(274, 453, '0000-00-00', 'сетевой'),
(389, 197, '0000-00-00', 'демо - версия'),
(302, 416, '0000-00-00', 'сетевой'),
(193, 493, '0000-00-00', 'локальный'),
(426, 155, '0000-00-00', 'демо - версия'),
(129, 223, '0000-00-00', 'локальный'),
(190, 322, '0000-00-00', 'локальный'),
(123, 89, '0000-00-00', 'демо - версия'),
(245, 99, '0000-00-00', 'локальный'),
(222, 301, '0000-00-00', 'сетевой'),
(160, 164, '0000-00-00', 'демо - версия'),
(133, 222, '0000-00-00', 'локальный'),
(196, 313, '0000-00-00', 'демо - версия'),
(221, 432, '0000-00-00', 'демо - версия'),
(265, 435, '0000-00-00', 'локальный'),
(317, 295, '0000-00-00', 'сетевой'),
(455, 81, '0000-00-00', 'локальный'),
(113, 212, '0000-00-00', 'локальный'),
(72, 105, '0000-00-00', 'демо - версия'),
(242, 95, '0000-00-00', 'локальный'),
(194, 120, '0000-00-00', ' полный'),
(22, 257, '0000-00-00', 'сетевой'),
(389, 248, '0000-00-00', 'демо - версия'),
(213, 90, '0000-00-00', 'демо - версия'),
(156, 2, '0000-00-00', ' полный'),
(365, 323, '0000-00-00', 'сетевой'),
(388, 321, '0000-00-00', 'демо - версия'),
(402, 419, '0000-00-00', ' полный'),
(405, 356, '0000-00-00', 'демо - версия'),
(334, 391, '0000-00-00', 'локальный'),
(333, 156, '0000-00-00', 'сетевой'),
(390, 445, '0000-00-00', 'сетевой'),
(181, 176, '0000-00-00', 'локальный'),
(72, 64, '0000-00-00', ' полный'),
(418, 54, '0000-00-00', 'демо - версия'),
(236, 356, '0000-00-00', 'демо - версия'),
(156, 83, '0000-00-00', 'сетевой'),
(256, 186, '0000-00-00', 'сетевой'),
(348, 112, '0000-00-00', 'сетевой'),
(286, 216, '0000-00-00', 'сетевой'),
(236, 176, '0000-00-00', 'сетевой'),
(451, 245, '0000-00-00', 'локальный'),
(232, 46, '0000-00-00', 'сетевой'),
(310, 292, '0000-00-00', 'локальный'),
(373, 45, '0000-00-00', 'локальный'),
(176, 11, '0000-00-00', 'сетевой'),
(296, 234, '0000-00-00', 'локальный'),
(58, 159, '0000-00-00', 'локальный'),
(386, 289, '0000-00-00', ' полный'),
(267, 196, '0000-00-00', 'демо - версия'),
(46, 454, '0000-00-00', 'демо - версия'),
(351, 436, '0000-00-00', 'сетевой'),
(460, 267, '0000-00-00', 'демо - версия'),
(252, 468, '0000-00-00', ' полный'),
(57, 468, '0000-00-00', 'сетевой'),
(286, 15, '0000-00-00', 'сетевой'),
(62, 149, '0000-00-00', 'сетевой'),
(105, 210, '0000-00-00', 'демо - версия'),
(426, 207, '0000-00-00', 'демо - версия'),
(432, 424, '0000-00-00', ' полный'),
(488, 283, '0000-00-00', ' полный'),
(223, 302, '0000-00-00', 'демо - версия'),
(389, 51, '0000-00-00', ' полный'),
(55, 113, '0000-00-00', 'локальный'),
(119, 412, '0000-00-00', 'демо - версия'),
(430, 20, '0000-00-00', ' полный'),
(472, 82, '0000-00-00', 'демо - версия'),
(441, 374, '0000-00-00', 'локальный'),
(72, 375, '0000-00-00', ' полный'),
(381, 350, '0000-00-00', 'локальный'),
(388, 92, '0000-00-00', ' полный'),
(203, 379, '0000-00-00', 'сетевой'),
(349, 443, '0000-00-00', ' полный'),
(427, 67, '0000-00-00', ' полный'),
(57, 325, '0000-00-00', 'сетевой'),
(236, 135, '0000-00-00', ' полный'),
(82, 122, '0000-00-00', ' полный'),
(295, 38, '0000-00-00', 'демо - версия'),
(226, 269, '0000-00-00', 'сетевой'),
(115, 107, '0000-00-00', ' полный'),
(151, 290, '0000-00-00', ' полный'),
(422, 291, '0000-00-00', 'сетевой'),
(97, 317, '0000-00-00', ' полный'),
(41, 421, '0000-00-00', 'сетевой'),
(177, 156, '0000-00-00', ' полный'),
(288, 184, '0000-00-00', 'сетевой'),
(497, 241, '0000-00-00', 'демо - версия'),
(207, 146, '0000-00-00', 'сетевой'),
(191, 357, '0000-00-00', 'демо - версия'),
(26, 389, '0000-00-00', 'локальный'),
(389, 305, '0000-00-00', 'демо - версия'),
(74, 347, '0000-00-00', 'сетевой'),
(384, 194, '0000-00-00', ' полный'),
(205, 372, '0000-00-00', ' полный'),
(366, 160, '0000-00-00', 'локальный'),
(25, 35, '0000-00-00', 'сетевой'),
(38, 297, '0000-00-00', 'сетевой'),
(131, 367, '0000-00-00', 'локальный'),
(396, 279, '0000-00-00', 'локальный'),
(321, 18, '0000-00-00', 'сетевой'),
(432, 210, '0000-00-00', 'сетевой'),
(113, 250, '0000-00-00', 'локальный'),
(425, 318, '0000-00-00', ' полный'),
(33, 421, '0000-00-00', 'сетевой'),
(203, 285, '0000-00-00', 'сетевой'),
(95, 47, '0000-00-00', 'демо - версия'),
(407, 285, '0000-00-00', ' полный'),
(330, 142, '0000-00-00', 'демо - версия'),
(185, 173, '0000-00-00', 'демо - версия'),
(210, 112, '0000-00-00', 'локальный'),
(497, 222, '0000-00-00', ' полный'),
(493, 106, '0000-00-00', 'локальный'),
(428, 332, '0000-00-00', 'демо - версия'),
(260, 244, '0000-00-00', ' полный'),
(162, 254, '0000-00-00', 'локальный'),
(224, 27, '0000-00-00', 'сетевой'),
(252, 402, '0000-00-00', 'демо - версия'),
(385, 88, '0000-00-00', 'демо - версия'),
(148, 227, '0000-00-00', 'демо - версия'),
(496, 196, '0000-00-00', 'сетевой'),
(382, 212, '0000-00-00', 'демо - версия'),
(302, 142, '0000-00-00', 'демо - версия'),
(461, 7, '0000-00-00', 'локальный'),
(110, 225, '0000-00-00', 'демо - версия'),
(201, 234, '0000-00-00', ' полный'),
(446, 55, '0000-00-00', ' полный'),
(353, 359, '0000-00-00', 'локальный'),
(469, 471, '0000-00-00', 'сетевой'),
(298, 296, '0000-00-00', 'локальный'),
(311, 15, '0000-00-00', 'локальный'),
(169, 35, '0000-00-00', 'сетевой'),
(98, 235, '0000-00-00', 'локальный'),
(442, 113, '0000-00-00', 'сетевой'),
(188, 235, '0000-00-00', ' полный'),
(46, 27, '0000-00-00', ' полный'),
(125, 322, '0000-00-00', 'сетевой'),
(311, 287, '0000-00-00', 'локальный'),
(496, 105, '0000-00-00', 'демо - версия'),
(41, 275, '0000-00-00', 'демо - версия'),
(246, 343, '0000-00-00', ' полный'),
(412, 223, '0000-00-00', 'сетевой'),
(134, 332, '0000-00-00', 'демо - версия'),
(137, 391, '0000-00-00', 'локальный'),
(89, 363, '0000-00-00', ' полный'),
(450, 448, '0000-00-00', 'демо - версия'),
(299, 426, '0000-00-00', 'демо - версия'),
(432, 163, '0000-00-00', ' полный'),
(188, 429, '0000-00-00', 'демо - версия'),
(241, 380, '0000-00-00', ' полный'),
(61, 371, '0000-00-00', ' полный'),
(14, 7, '0000-00-00', ' полный'),
(451, 437, '0000-00-00', 'сетевой'),
(137, 427, '0000-00-00', 'сетевой'),
(302, 67, '0000-00-00', 'демо - версия'),
(26, 353, '0000-00-00', 'локальный'),
(28, 415, '0000-00-00', 'демо - версия'),
(499, 113, '0000-00-00', 'демо - версия'),
(41, 205, '0000-00-00', 'локальный'),
(493, 419, '0000-00-00', 'демо - версия'),
(144, 138, '0000-00-00', 'сетевой'),
(57, 69, '0000-00-00', 'локальный'),
(203, 171, '0000-00-00', 'демо - версия'),
(2, 339, '0000-00-00', 'локальный'),
(126, 404, '0000-00-00', 'сетевой'),
(383, 176, '0000-00-00', 'сетевой'),
(211, 311, '0000-00-00', ' полный'),
(61, 359, '0000-00-00', 'локальный'),
(80, 323, '0000-00-00', ' полный'),
(14, 238, '0000-00-00', ' полный'),
(381, 184, '0000-00-00', 'демо - версия'),
(444, 366, '0000-00-00', 'локальный'),
(305, 359, '0000-00-00', 'демо - версия'),
(72, 38, '0000-00-00', 'локальный'),
(78, 67, '0000-00-00', 'сетевой'),
(450, 112, '0000-00-00', 'демо - версия'),
(146, 389, '0000-00-00', 'демо - версия'),
(223, 244, '0000-00-00', 'демо - версия'),
(361, 267, '0000-00-00', 'сетевой'),
(305, 157, '0000-00-00', ' полный'),
(158, 78, '0000-00-00', 'сетевой'),
(250, 402, '0000-00-00', 'демо - версия'),
(176, 111, '0000-00-00', ' полный'),
(438, 470, '0000-00-00', 'локальный'),
(93, 416, '0000-00-00', ' полный'),
(103, 454, '0000-00-00', ' полный'),
(253, 284, '0000-00-00', 'локальный'),
(122, 138, '0000-00-00', 'локальный'),
(169, 78, '0000-00-00', 'локальный'),
(445, 9, '0000-00-00', 'демо - версия'),
(312, 361, '0000-00-00', 'сетевой'),
(375, 468, '0000-00-00', 'демо - версия'),
(364, 273, '0000-00-00', 'локальный'),
(133, 183, '0000-00-00', 'локальный'),
(30, 481, '0000-00-00', ' полный'),
(424, 400, '0000-00-00', 'сетевой'),
(88, 434, '0000-00-00', 'локальный'),
(127, 309, '0000-00-00', 'локальный');

-- --------------------------------------------------------

--
-- Структура таблицы `Program`
--

CREATE TABLE `Program` (
  `id_program` int(11) NOT NULL,
  `name` varchar(45) NOT NULL,
  `version` varchar(45) DEFAULT NULL,
  `class` varchar(45) NOT NULL,
  `volume` int(11) NOT NULL
) ENGINE=InnoDB DEFAULT CHARSET=utf8;

--
-- Дамп данных таблицы `Program`
--

INSERT INTO `Program` (`id_program`, `name`, `version`, `class`, `volume`) VALUES
(0, '', '', '', 0),
(1, 'рногмншл', '1', 'Uik', 450),
(2, 'FC578', '2.1', '1ws', 2300),
(3, 'rgsукh', '3', 'thrhb', 3543),
(4, 'о', 'о', 'о', 0),
(5, 'Cras vulputate velit', '1', 'локальный', 0),
(6, 'dapibus rutrum, justo. Praesent', '9', 'локальный', 0),
(7, 'eros nec tellus.', '6', 'сетевой', 0),
(8, 'non, lacinia at, iaculis', '1', 'локальный', 0),
(9, 'molestie orci tincidunt adipiscing.', '6', 'сетевой', 0),
(10, 'faucibus id,', '1', 'полный', 0),
(11, 'cursus', '7', 'полный', 0),
(12, 'scelerisque mollis.', '9', 'сетевой', 0),
(13, 'malesuada fames', '3', 'демо - версия', 0),
(14, 'quis, tristique ac, eleifend', '6', 'демо - версия', 0),
(15, 'tincidunt. Donec', '5', 'локальный', 0),
(16, 'sollicitudin orci sem', '7', 'полный', 0),
(17, 'sem, consequat nec,', '2', 'локальный', 0),
(18, 'adipiscing lacus. Ut nec', '8', 'локальный', 0),
(19, 'in sodales elit', '4', 'демо - версия', 0),
(20, 'adipiscing', '8', 'сетевой', 0),
(21, 'erat,', '2', 'демо - версия', 0),
(22, 'facilisis lorem', '9', 'демо - версия', 0),
(23, 'sem mollis dui, in', '8', 'полный', 0),
(24, 'arcu. Curabitur ut', '4', 'полный', 0),
(25, 'vestibulum lorem, sit amet', '7', 'сетевой', 0),
(26, 'magna.', '9', 'локальный', 0),
(27, 'vitae semper egestas,', '3', 'демо - версия', 0),
(28, 'augue ac', '8', 'сетевой', 0),
(29, 'vel', '6', 'сетевой', 0),
(30, 'Cum sociis', '5', 'локальный', 0),
(31, 'Duis gravida.', '8', 'локальный', 0),
(32, 'iaculis enim,', '6', 'сетевой', 0),
(33, 'et magnis dis', '2', 'полный', 0),
(34, 'metus vitae', '1', 'полный', 0),
(35, 'ipsum cursus', '4', 'локальный', 0),
(36, 'Suspendisse non leo.', '1', 'сетевой', 0),
(37, 'ac, fermentum', '7', 'демо - версия', 0),
(38, 'Nullam ut', '4', 'полный', 0),
(39, 'dictum. Proin eget odio.', '1', 'сетевой', 0),
(40, 'metus urna', '5', 'сетевой', 0),
(41, 'fringilla mi lacinia mattis.', '7', 'локальный', 0),
(42, 'rutrum lorem', '8', 'сетевой', 0),
(43, 'enim non nisi.', '6', 'локальный', 0),
(44, 'ipsum sodales purus,', '1', 'сетевой', 0),
(45, 'blandit at, nisi.', '5', 'сетевой', 0),
(46, 'tincidunt dui augue eu', '7', 'локальный', 0),
(47, 'Curae', '7', 'сетевой', 0),
(48, 'risus.', '8', 'сетевой', 0),
(49, 'nulla. Integer vulputate,', '0', 'полный', 0),
(50, 'odio. Etiam ligula', '2', 'полный', 0),
(51, 'mauris ipsum', '8', 'локальный', 0),
(52, 'Donec felis orci,', '2', 'демо - версия', 0),
(53, 'quam', '5', 'сетевой', 0),
(54, 'mus. Donec', '6', 'локальный', 0),
(55, 'Proin vel nisl.', '1', 'демо - версия', 0),
(56, 'Suspendisse', '3', 'полный', 0),
(57, 'sodales. Mauris blandit', '5', 'полный', 0),
(58, 'sem.', '8', 'сетевой', 0),
(59, 'mollis. Integer', '5', 'локальный', 0),
(60, 'lorem vitae odio', '2', 'локальный', 0),
(61, 'Cum sociis', '0', 'локальный', 0),
(62, 'magna. Cras convallis convallis', '9', 'сетевой', 0),
(63, 'in sodales elit', '4', 'полный', 0),
(64, 'eget', '0', 'демо - версия', 0),
(65, 'convallis in, cursus', '5', 'локальный', 0),
(66, 'nunc sed', '8', 'локальный', 0),
(67, 'feugiat non,', '2', 'демо - версия', 0),
(68, 'sollicitudin a,', '9', 'локальный', 0),
(69, 'Donec fringilla. Donec feugiat', '8', 'полный', 0),
(70, 'felis. Nulla tempor augue', '4', 'локальный', 0),
(71, 'sed dolor.', '8', 'сетевой', 0),
(72, 'lectus', '7', 'полный', 0),
(73, 'nisl. Maecenas malesuada', '2', 'демо - версия', 0),
(74, 'velit egestas lacinia.', '7', 'демо - версия', 0),
(75, 'eleifend vitae,', '2', 'локальный', 0),
(76, 'rutrum magna.', '5', 'сетевой', 0),
(77, 'Ut nec urna', '6', 'сетевой', 0),
(78, 'a ultricies', '9', 'локальный', 0),
(79, 'velit. Pellentesque ultricies dignissim', '2', 'полный', 0),
(80, 'dictum', '8', 'локальный', 0),
(81, 'sapien molestie orci', '7', 'сетевой', 0),
(82, 'fringilla,', '8', 'сетевой', 0),
(83, 'mauris a', '2', 'демо - версия', 0),
(84, 'aliquet lobortis,', '6', 'локальный', 0),
(85, 'mus. Donec dignissim', '7', 'полный', 0),
(86, 'accumsan interdum libero dui', '9', 'демо - версия', 0),
(87, 'lorem', '8', 'полный', 0),
(88, 'blandit', '3', 'демо - версия', 0),
(89, 'enim. Suspendisse aliquet, sem', '10', 'сетевой', 0),
(90, 'mattis ornare,', '6', 'полный', 0),
(91, 'Aliquam tincidunt,', '0', 'локальный', 0),
(92, 'sapien molestie orci tincidunt', '9', 'полный', 0),
(93, 'Pellentesque habitant', '4', 'сетевой', 0),
(94, 'hendrerit neque.', '3', 'полный', 0),
(95, 'tincidunt. Donec', '4', 'демо - версия', 0),
(96, 'magna. Suspendisse', '1', 'полный', 0),
(97, 'Mauris', '10', 'сетевой', 0),
(98, 'Suspendisse', '2', 'локальный', 0),
(99, 'Mauris vel turpis.', '0', 'полный', 0),
(100, 'Sed molestie. Sed', '5', 'полный', 0),
(101, 'lorem, vehicula et,', '7', 'демо - версия', 0),
(102, 'taciti sociosqu ad', '5', 'демо - версия', 0),
(103, 'ornare egestas ligula.', '6', 'полный', 0),
(104, 'morbi', '9', 'демо - версия', 0),
(105, 'sed consequat', '8', 'полный', 0),
(106, 'tellus, imperdiet non, vestibulum', '4', 'сетевой', 0),
(107, 'ipsum. Suspendisse', '6', 'полный', 0),
(108, 'quis diam.', '6', 'демо - версия', 0),
(109, 'Aenean massa. Integer vitae', '3', 'демо - версия', 0),
(110, 'lacus. Quisque imperdiet,', '7', 'сетевой', 0),
(111, 'rutrum, justo. Praesent', '9', 'сетевой', 0),
(112, 'Aliquam rutrum', '8', 'полный', 0),
(113, 'vel turpis. Aliquam', '5', 'демо - версия', 0),
(114, 'ante. Vivamus non', '2', 'локальный', 0),
(115, 'consectetuer', '9', 'полный', 0),
(116, 'lorem', '7', 'локальный', 0),
(117, 'massa lobortis ultrices.', '0', 'сетевой', 0),
(118, 'consequat enim', '1', 'демо - версия', 0),
(119, 'Ut', '9', 'локальный', 0),
(120, 'eleifend, nunc', '2', 'сетевой', 0),
(121, 'sapien,', '3', 'демо - версия', 0),
(122, 'ante, iaculis nec, eleifend', '2', 'демо - версия', 0),
(123, 'leo', '3', 'сетевой', 0),
(124, 'rhoncus id,', '9', 'демо - версия', 0),
(125, 'gravida sit', '3', 'сетевой', 0),
(126, 'feugiat metus', '5', 'локальный', 0),
(127, 'ultrices. Vivamus rhoncus. Donec', '4', 'полный', 0),
(128, 'varius orci, in', '5', 'полный', 0),
(129, 'non, sollicitudin', '9', 'сетевой', 0),
(130, 'consectetuer, cursus et, magna.', '9', 'сетевой', 0),
(131, 'ut mi.', '7', 'демо - версия', 0),
(132, 'libero', '9', 'локальный', 0),
(133, 'Quisque porttitor', '9', 'полный', 0),
(134, 'egestas nunc sed', '7', 'локальный', 0),
(135, 'mauris elit,', '4', 'сетевой', 0),
(136, 'non,', '9', 'сетевой', 0),
(137, 'ac sem', '4', 'сетевой', 0),
(138, 'vitae aliquam eros', '2', 'демо - версия', 0),
(139, 'Duis sit', '2', 'сетевой', 0),
(140, 'rhoncus', '8', 'полный', 0),
(141, 'consectetuer adipiscing elit.', '2', 'полный', 0),
(142, 'non, luctus', '3', 'сетевой', 0),
(143, 'id nunc interdum', '4', 'демо - версия', 0),
(144, 'tempus mauris', '6', 'сетевой', 0),
(145, 'in faucibus orci', '7', 'локальный', 0),
(146, 'Integer vitae', '4', 'демо - версия', 0),
(147, 'sed, hendrerit a, arcu.', '6', 'сетевой', 0),
(148, 'mollis.', '1', 'локальный', 0),
(149, 'lobortis, nisi nibh', '3', 'полный', 0),
(150, 'cursus et,', '2', 'демо - версия', 0),
(151, 'pretium', '10', 'локальный', 0),
(152, 'sapien, cursus in,', '6', 'локальный', 0),
(153, 'nisi', '0', 'демо - версия', 0),
(154, 'ante,', '5', 'демо - версия', 0),
(155, 'odio vel', '9', 'полный', 0),
(156, 'neque sed sem', '1', 'сетевой', 0),
(157, 'ac', '5', 'демо - версия', 0),
(158, 'nec, cursus', '9', 'сетевой', 0),
(159, 'dictum', '8', 'локальный', 0),
(160, 'arcu imperdiet', '7', 'сетевой', 0),
(161, 'mus. Proin', '7', 'локальный', 0),
(162, 'nibh. Donec est', '5', 'демо - версия', 0),
(163, 'lectus pede', '1', 'локальный', 0),
(164, 'euismod in, dolor.', '8', 'сетевой', 0),
(165, 'mauris sagittis placerat.', '8', 'полный', 0),
(166, 'porta elit,', '5', 'локальный', 0),
(167, 'odio tristique pharetra.', '3', 'сетевой', 0),
(168, 'sem ut dolor', '7', 'локальный', 0),
(169, 'feugiat nec, diam. Duis', '1', 'полный', 0),
(170, 'id, blandit at, nisi.', '10', 'локальный', 0),
(171, 'Etiam gravida molestie arcu.', '6', 'сетевой', 0),
(172, 'Praesent interdum ligula eu', '6', 'полный', 0),
(173, 'non, cursus non,', '6', 'сетевой', 0),
(174, 'enim', '7', 'сетевой', 0),
(175, 'molestie sodales. Mauris blandit', '3', 'полный', 0),
(176, 'augue malesuada', '9', 'сетевой', 0),
(177, 'tellus.', '4', 'демо - версия', 0),
(178, 'ac, fermentum vel, mauris.', '4', 'полный', 0),
(179, 'nascetur ridiculus', '5', 'полный', 0),
(180, 'magna. Suspendisse', '5', 'демо - версия', 0),
(181, 'ipsum', '0', 'сетевой', 0),
(182, 'imperdiet', '1', 'демо - версия', 0),
(183, 'quis turpis', '8', 'локальный', 0),
(184, 'felis.', '4', 'полный', 0),
(185, 'lacus. Quisque imperdiet,', '9', 'демо - версия', 0),
(186, 'dui. Cras pellentesque.', '3', 'демо - версия', 0),
(187, 'risus. Nunc ac sem', '5', 'полный', 0),
(188, 'vitae aliquam', '0', 'локальный', 0),
(189, 'molestie dapibus', '3', 'локальный', 0),
(190, 'egestas rhoncus. Proin', '1', 'локальный', 0),
(191, 'Nam tempor diam dictum', '1', 'локальный', 0),
(192, 'tellus', '2', 'полный', 0),
(193, 'sed, facilisis vitae, orci.', '4', 'сетевой', 0),
(194, 'sed dolor. Fusce', '2', 'полный', 0),
(195, 'lorem', '9', 'локальный', 0),
(196, 'dui. Suspendisse', '9', 'локальный', 0),
(197, 'amet risus. Donec', '5', 'демо - версия', 0),
(198, 'convallis', '2', 'сетевой', 0),
(199, 'diam vel', '4', 'сетевой', 0),
(200, 'id', '6', 'полный', 0),
(201, 'nisi.', '2', 'полный', 0),
(202, 'metus vitae', '0', 'демо - версия', 0),
(203, 'venenatis lacus. Etiam', '7', 'демо - версия', 0),
(204, 'eu metus. In', '5', 'сетевой', 0),
(205, 'eu,', '5', 'демо - версия', 0),
(206, 'Mauris molestie pharetra nibh.', '9', 'локальный', 0),
(207, 'nec enim. Nunc', '7', 'демо - версия', 0),
(208, 'et', '4', 'демо - версия', 0),
(209, 'tellus eu augue', '10', 'сетевой', 0),
(210, 'egestas. Aliquam', '9', 'полный', 0),
(211, 'orci luctus', '8', 'демо - версия', 0),
(212, 'mollis', '6', 'демо - версия', 0),
(213, 'non,', '5', 'полный', 0),
(214, 'tristique', '7', 'полный', 0),
(215, 'sagittis placerat. Cras dictum', '3', 'полный', 0),
(216, 'Nulla tempor augue', '8', 'полный', 0),
(217, 'elementum', '7', 'локальный', 0),
(218, 'Phasellus', '9', 'локальный', 0),
(219, 'magna. Lorem', '1', 'демо - версия', 0),
(220, 'cursus, diam at pretium', '2', 'локальный', 0),
(221, 'tempus risus.', '3', 'сетевой', 0),
(222, 'metus', '9', 'полный', 0),
(223, 'a odio', '10', 'демо - версия', 0),
(224, 'fringilla mi lacinia mattis.', '2', 'демо - версия', 0),
(225, 'metus. Aenean', '5', 'полный', 0),
(226, 'lectus', '7', 'сетевой', 0),
(227, 'Vestibulum', '4', 'полный', 0),
(228, 'ullamcorper viverra.', '7', 'демо - версия', 0),
(229, 'Suspendisse non leo. Vivamus', '6', 'демо - версия', 0),
(230, 'lobortis, nisi nibh lacinia', '4', 'полный', 0),
(231, 'Mauris molestie', '7', 'локальный', 0),
(232, 'Nulla aliquet. Proin velit.', '2', 'локальный', 0),
(233, 'volutpat nunc', '9', 'демо - версия', 0),
(234, 'fermentum arcu. Vestibulum', '1', 'сетевой', 0),
(235, 'tellus. Suspendisse', '2', 'сетевой', 0),
(236, 'Donec at', '10', 'демо - версия', 0),
(237, 'Donec porttitor tellus', '2', 'демо - версия', 0),
(238, 'ligula. Nullam feugiat', '6', 'демо - версия', 0),
(239, 'Etiam laoreet,', '6', 'локальный', 0),
(240, 'quis, tristique ac, eleifend', '10', 'локальный', 0),
(241, 'sodales nisi', '3', 'сетевой', 0),
(242, 'Nullam feugiat placerat', '5', 'полный', 0),
(243, 'congue a, aliquet', '2', 'локальный', 0),
(244, 'eu enim.', '2', 'локальный', 0),
(245, 'Mauris nulla.', '7', 'локальный', 0),
(246, 'Aenean euismod', '0', 'демо - версия', 0),
(247, 'tempus', '1', 'сетевой', 0),
(248, 'penatibus et', '5', 'полный', 0),
(249, 'in, dolor. Fusce feugiat.', '10', 'сетевой', 0),
(250, 'Vivamus', '1', 'полный', 0),
(251, 'eget varius ultrices,', '7', 'локальный', 0),
(252, 'malesuada fringilla est.', '4', 'локальный', 0),
(253, 'aliquet, metus', '10', 'демо - версия', 0),
(254, 'Quisque', '1', 'полный', 0),
(255, 'Nam consequat dolor', '0', 'сетевой', 0),
(256, 'fringilla purus', '4', 'демо - версия', 0),
(257, 'dolor vitae', '8', 'локальный', 0),
(258, 'urna', '0', 'сетевой', 0),
(259, 'pharetra ut, pharetra', '8', 'демо - версия', 0),
(260, 'Donec feugiat metus', '7', 'демо - версия', 0),
(261, 'nascetur ridiculus mus.', '8', 'локальный', 0),
(262, 'iaculis quis, pede. Praesent', '8', 'сетевой', 0),
(263, 'nec, leo.', '0', 'демо - версия', 0),
(264, 'neque sed sem', '2', 'полный', 0),
(265, 'Nulla', '8', 'демо - версия', 0),
(266, 'luctus aliquet', '9', 'демо - версия', 0),
(267, 'ligula eu', '7', 'демо - версия', 0),
(268, 'sed, est.', '6', 'полный', 0),
(269, 'vel nisl.', '4', 'полный', 0),
(270, 'sed turpis nec mauris', '9', 'локальный', 0),
(271, 'Integer sem elit,', '1', 'локальный', 0),
(272, 'eu tellus eu', '9', 'локальный', 0),
(273, 'Nulla eu', '4', 'полный', 0),
(274, 'magna. Phasellus dolor', '2', 'демо - версия', 0),
(275, 'aliquam eu,', '5', 'сетевой', 0),
(276, 'odio semper cursus.', '1', 'сетевой', 0),
(277, 'elementum purus,', '1', 'полный', 0),
(278, 'metus', '7', 'локальный', 0),
(279, 'mi eleifend', '1', 'полный', 0),
(280, 'ligula. Nullam', '10', 'локальный', 0),
(281, 'in molestie', '0', 'демо - версия', 0),
(282, 'euismod', '4', 'сетевой', 0),
(283, 'mauris ut mi. Duis', '3', 'демо - версия', 0),
(284, 'aliquet. Proin velit. Sed', '4', 'полный', 0),
(285, 'Vivamus', '4', 'полный', 0),
(286, 'cubilia Curae', '7', 'локальный', 0),
(287, 'metus', '1', 'сетевой', 0),
(288, 'mollis vitae, posuere at,', '5', 'полный', 0),
(289, 'tempor augue', '0', 'локальный', 0),
(290, 'In condimentum.', '2', 'сетевой', 0),
(291, 'Nullam feugiat placerat velit.', '6', 'полный', 0),
(292, 'Mauris quis', '6', 'локальный', 0),
(293, 'Curabitur vel lectus. Cum', '2', 'сетевой', 0),
(294, 'iaculis nec, eleifend', '4', 'сетевой', 0),
(295, 'feugiat non, lobortis', '1', 'локальный', 0),
(296, 'dictum. Phasellus', '8', 'локальный', 0),
(297, 'id ante dictum cursus.', '9', 'демо - версия', 0),
(298, 'neque. In ornare sagittis', '7', 'демо - версия', 0),
(299, 'imperdiet dictum', '1', 'локальный', 0),
(300, 'at, iaculis', '5', 'демо - версия', 0),
(301, 'malesuada', '10', 'полный', 0),
(302, 'gravida', '4', 'локальный', 0),
(303, 'adipiscing non, luctus', '2', 'сетевой', 0),
(304, 'pharetra. Quisque', '3', 'демо - версия', 0),
(305, 'ullamcorper. Duis at', '7', 'сетевой', 0),
(306, 'libero. Proin', '6', 'полный', 0),
(307, 'sociis natoque penatibus', '5', 'локальный', 0),
(308, 'augue malesuada', '5', 'демо - версия', 0),
(309, 'dolor. Fusce feugiat.', '5', 'полный', 0),
(310, 'adipiscing elit. Aliquam', '5', 'локальный', 0),
(311, 'Donec dignissim', '5', 'локальный', 0),
(312, 'vitae purus gravida sagittis.', '7', 'сетевой', 0),
(313, 'primis in faucibus', '9', 'демо - версия', 0),
(314, 'Cras vulputate velit', '4', 'локальный', 0),
(315, 'orci luctus et ultrices', '7', 'локальный', 0),
(316, 'dis parturient', '4', 'локальный', 0),
(317, 'parturient montes,', '0', 'сетевой', 0),
(318, 'bibendum ullamcorper. Duis', '7', 'локальный', 0),
(319, 'sodales purus,', '6', 'полный', 0),
(320, 'Duis mi enim,', '6', 'сетевой', 0),
(321, 'enim. Curabitur massa. Vestibulum', '1', 'демо - версия', 0),
(322, 'justo nec', '3', 'полный', 0),
(323, 'eu turpis.', '1', 'демо - версия', 0),
(324, 'nibh. Phasellus', '4', 'сетевой', 0),
(325, 'ligula. Nullam', '8', 'полный', 0),
(326, 'luctus felis purus', '2', 'полный', 0),
(327, 'auctor', '3', 'полный', 0),
(328, 'nonummy ipsum non', '6', 'демо - версия', 0),
(329, 'cursus et, eros.', '9', 'полный', 0),
(330, 'Ut semper', '1', 'локальный', 0),
(331, 'Fusce dolor quam,', '8', 'сетевой', 0),
(332, 'felis.', '4', 'локальный', 0),
(333, 'est. Nunc ullamcorper, velit', '4', 'полный', 0),
(334, 'erat, eget tincidunt', '1', 'локальный', 0),
(335, 'eget nisi dictum', '3', 'сетевой', 0),
(336, 'ac, fermentum vel,', '7', 'демо - версия', 0),
(337, 'Maecenas ornare', '3', 'локальный', 0),
(338, 'sed dui. Fusce', '7', 'сетевой', 0),
(339, 'nascetur ridiculus', '3', 'демо - версия', 0),
(340, 'neque venenatis lacus.', '7', 'сетевой', 0),
(341, 'adipiscing. Mauris molestie pharetra', '10', 'полный', 0),
(342, 'enim, sit', '9', 'демо - версия', 0),
(343, 'Cras eu', '1', 'локальный', 0),
(344, 'odio. Aliquam vulputate ullamcorper', '7', 'сетевой', 0),
(345, 'convallis', '7', 'сетевой', 0),
(346, 'interdum enim non', '6', 'локальный', 0),
(347, 'posuere vulputate, lacus.', '5', 'полный', 0),
(348, 'natoque penatibus et magnis', '6', 'полный', 0),
(349, 'Aliquam auctor,', '10', 'локальный', 0),
(350, 'scelerisque dui.', '5', 'полный', 0),
(351, 'aliquet diam. Sed', '2', 'сетевой', 0),
(352, 'risus', '9', 'локальный', 0),
(353, 'euismod ac, fermentum', '5', 'сетевой', 0),
(354, 'eu enim.', '6', 'демо - версия', 0),
(355, 'magna. Sed', '5', 'сетевой', 0),
(356, 'enim. Nunc ut erat.', '9', 'полный', 0),
(357, 'aliquam adipiscing lacus.', '1', 'локальный', 0),
(358, 'mauris, aliquam', '3', 'сетевой', 0),
(359, 'fames ac', '2', 'полный', 0),
(360, 'fringilla. Donec feugiat', '6', 'локальный', 0),
(361, 'ut quam vel sapien', '9', 'демо - версия', 0),
(362, 'est. Nunc', '7', 'полный', 0),
(363, 'et libero.', '8', 'полный', 0),
(364, 'sed,', '6', 'локальный', 0),
(365, 'vulputate eu,', '0', 'локальный', 0),
(366, 'fringilla', '6', 'локальный', 0),
(367, 'vestibulum massa rutrum magna.', '5', 'полный', 0),
(368, 'ipsum dolor sit', '10', 'демо - версия', 0),
(369, 'porta elit, a', '9', 'локальный', 0),
(370, 'sem eget massa. Suspendisse', '3', 'демо - версия', 0),
(371, 'sociis natoque penatibus', '3', 'демо - версия', 0),
(372, 'Lorem ipsum dolor', '1', 'полный', 0),
(373, 'nunc. In', '1', 'локальный', 0),
(374, 'ipsum', '9', 'сетевой', 0),
(375, 'tempor bibendum.', '6', 'сетевой', 0),
(376, 'pede blandit congue. In', '7', 'демо - версия', 0),
(377, 'vitae sodales', '5', 'полный', 0),
(378, 'Proin dolor.', '7', 'демо - версия', 0),
(379, 'Maecenas ornare', '2', 'локальный', 0),
(380, 'sem molestie sodales. Mauris', '5', 'полный', 0),
(381, 'cursus. Integer', '2', 'сетевой', 0),
(382, 'auctor odio a', '2', 'полный', 0),
(383, 'magna. Ut', '3', 'сетевой', 0),
(384, 'rutrum.', '3', 'локальный', 0),
(385, 'diam luctus lobortis.', '9', 'демо - версия', 0),
(386, 'justo nec ante. Maecenas', '8', 'сетевой', 0),
(387, 'ligula eu', '1', 'демо - версия', 0),
(388, 'mauris sit amet', '3', 'демо - версия', 0),
(389, 'nonummy ultricies ornare,', '1', 'полный', 0),
(390, 'sapien, gravida', '8', 'локальный', 0),
(391, 'libero lacus, varius', '6', 'полный', 0),
(392, 'eu tempor erat', '8', 'сетевой', 0),
(393, 'egestas nunc sed', '1', 'локальный', 0),
(394, 'turpis egestas. Aliquam', '9', 'демо - версия', 0),
(395, 'mauris,', '9', 'локальный', 0),
(396, 'urna justo', '4', 'полный', 0),
(397, 'nec enim. Nunc', '1', 'локальный', 0),
(398, 'neque non quam.', '4', 'сетевой', 0),
(399, 'Vivamus euismod urna.', '1', 'сетевой', 0),
(400, 'dapibus id, blandit', '2', 'полный', 0),
(401, 'odio. Aliquam vulputate', '9', 'сетевой', 0),
(402, 'blandit congue.', '3', 'полный', 0),
(403, 'pellentesque', '3', 'сетевой', 0),
(404, 'dictum sapien. Aenean', '8', 'полный', 0),
(405, 'Morbi accumsan', '8', 'сетевой', 0),
(406, 'Donec', '3', 'демо - версия', 0),
(407, 'cursus. Nunc mauris', '6', 'локальный', 0),
(408, 'Cum sociis', '3', 'сетевой', 0),
(409, 'quis', '2', 'демо - версия', 0),
(410, 'est, vitae', '9', 'демо - версия', 0),
(411, 'arcu et pede. Nunc', '7', 'полный', 0),
(412, 'a tortor.', '6', 'демо - версия', 0),
(413, 'fermentum risus, at', '3', 'демо - версия', 0),
(414, 'eros. Nam', '9', 'сетевой', 0),
(415, 'pharetra nibh. Aliquam', '5', 'сетевой', 0),
(416, 'felis. Donec', '2', 'полный', 0),
(417, 'Integer', '9', 'сетевой', 0),
(418, 'a purus.', '9', 'сетевой', 0),
(419, 'placerat,', '0', 'локальный', 0),
(420, 'tempor lorem, eget mollis', '3', 'сетевой', 0),
(421, 'diam eu', '6', 'сетевой', 0),
(422, 'cursus in, hendrerit', '2', 'демо - версия', 0),
(423, 'arcu. Vestibulum ante ipsum', '4', 'локальный', 0),
(424, 'ante. Nunc mauris', '3', 'полный', 0),
(425, 'ut mi.', '4', 'демо - версия', 0),
(426, 'amet nulla. Donec', '2', 'демо - версия', 0),
(427, 'vel lectus. Cum', '2', 'демо - версия', 0),
(428, 'ipsum. Suspendisse', '1', 'сетевой', 0),
(429, 'luctus sit', '6', 'полный', 0),
(430, 'non massa non ante', '9', 'локальный', 0),
(431, 'velit dui, semper', '0', 'локальный', 0),
(432, 'Sed', '10', 'сетевой', 0),
(433, 'Vivamus rhoncus. Donec', '3', 'локальный', 0),
(434, 'ipsum leo elementum sem,', '2', 'сетевой', 0),
(435, 'in, cursus et,', '8', 'сетевой', 0),
(436, 'Quisque ac libero', '10', 'полный', 0),
(437, 'In mi pede,', '1', 'локальный', 0),
(438, 'Phasellus at augue', '2', 'полный', 0),
(439, 'egestas.', '5', 'полный', 0),
(440, 'a tortor.', '7', 'сетевой', 0),
(441, 'enim consequat purus.', '3', 'сетевой', 0),
(442, 'nonummy ultricies ornare,', '1', 'локальный', 0),
(443, 'tellus sem mollis dui,', '3', 'локальный', 0),
(444, 'nulla at sem molestie', '6', 'сетевой', 0),
(445, 'pellentesque a, facilisis', '1', 'сетевой', 0),
(446, 'id, blandit', '6', 'локальный', 0),
(447, 'pellentesque eget,', '1', 'сетевой', 0),
(448, 'sed pede nec', '1', 'полный', 0),
(449, 'Duis', '8', 'полный', 0),
(450, 'porttitor interdum. Sed', '4', 'демо - версия', 0),
(451, 'conubia nostra,', '4', 'демо - версия', 0),
(452, 'elit. Curabitur sed', '9', 'сетевой', 0),
(453, 'Maecenas malesuada', '7', 'локальный', 0),
(454, 'non,', '5', 'полный', 0),
(455, 'lacinia at, iaculis quis,', '8', 'полный', 0),
(456, 'diam dictum sapien. Aenean', '2', 'сетевой', 0),
(457, 'orci luctus', '10', 'локальный', 0),
(458, 'quis', '6', 'полный', 0),
(459, 'ante. Maecenas mi', '2', 'локальный', 0),
(460, 'natoque penatibus et', '0', 'сетевой', 0),
(461, 'dictum eleifend, nunc', '3', 'полный', 0),
(462, 'laoreet posuere, enim nisl', '2', 'сетевой', 0),
(463, 'purus, accumsan', '0', 'сетевой', 0),
(464, 'est, congue a, aliquet', '2', 'локальный', 0),
(465, 'varius et, euismod et,', '4', 'локальный', 0),
(466, 'vel, vulputate', '5', 'сетевой', 0),
(467, 'risus. Donec', '2', 'полный', 0),
(468, 'lacus pede', '2', 'сетевой', 0),
(469, 'sit amet,', '4', 'полный', 0),
(470, 'lacus. Aliquam rutrum', '3', 'демо - версия', 0),
(471, 'risus.', '8', 'полный', 0),
(472, 'euismod est', '8', 'сетевой', 0),
(473, 'tellus. Suspendisse', '7', 'сетевой', 0),
(474, 'Nunc sed', '5', 'сетевой', 0),
(475, 'orci,', '7', 'демо - версия', 0),
(476, 'quis,', '3', 'сетевой', 0),
(477, 'cursus, diam at', '1', 'полный', 0),
(478, 'elit. Etiam laoreet, libero', '10', 'демо - версия', 0),
(479, 'ornare, lectus', '6', 'демо - версия', 0),
(480, 'adipiscing', '9', 'сетевой', 0),
(481, 'faucibus.', '10', 'демо - версия', 0),
(482, 'tempus scelerisque,', '5', 'демо - версия', 0),
(483, 'quis diam.', '6', 'демо - версия', 0),
(484, 'ut cursus luctus,', '6', 'сетевой', 0),
(485, 'sit amet ultricies', '1', 'полный', 0),
(486, 'Proin ultrices. Duis', '1', 'демо - версия', 0),
(487, 'erat vel pede', '4', 'локальный', 0),
(488, 'turpis non enim. Mauris', '6', 'сетевой', 0),
(489, 'ut, pharetra', '6', 'демо - версия', 0),
(490, 'eu elit.', '7', 'полный', 0),
(491, 'ultrices iaculis', '3', 'демо - версия', 0),
(492, 'ultrices iaculis', '8', 'полный', 0),
(493, 'tellus. Suspendisse', '8', 'демо - версия', 0),
(494, 'montes, nascetur', '4', 'полный', 0),
(495, 'Maecenas libero est, congue', '8', 'сетевой', 0),
(496, 'magna. Lorem ipsum dolor', '0', 'сетевой', 0),
(497, 'eget laoreet', '8', 'локальный', 0),
(498, 'molestie in,', '9', 'демо - версия', 0),
(499, 'Cum sociis natoque', '7', 'сетевой', 0),
(500, 'sit amet, risus.', '9', 'демо - версия', 0);

--
-- Индексы сохранённых таблиц
--

--
-- Индексы таблицы `Computer`
--
ALTER TABLE `Computer`
  ADD PRIMARY KEY (`number_computer`);

--
-- Индексы таблицы `Installation`
--
ALTER TABLE `Installation`
  ADD KEY `ComputerInstallation_idx` (`number_computer`),
  ADD KEY `ProgramInstallation_idx` (`id_program`);

--
-- Индексы таблицы `Program`
--
ALTER TABLE `Program`
  ADD PRIMARY KEY (`id_program`);

--
-- Ограничения внешнего ключа сохраненных таблиц
--

--
-- Ограничения внешнего ключа таблицы `Installation`
--
ALTER TABLE `Installation`
  ADD CONSTRAINT `FK_I_C` FOREIGN KEY (`number_computer`) REFERENCES `Computer` (`number_computer`) ON DELETE NO ACTION ON UPDATE NO ACTION,
  ADD CONSTRAINT `FK_I_P` FOREIGN KEY (`id_program`) REFERENCES `Program` (`id_program`) ON DELETE NO ACTION ON UPDATE NO ACTION;
COMMIT;

/*!40101 SET CHARACTER_SET_CLIENT=@OLD_CHARACTER_SET_CLIENT */;
/*!40101 SET CHARACTER_SET_RESULTS=@OLD_CHARACTER_SET_RESULTS */;
/*!40101 SET COLLATION_CONNECTION=@OLD_COLLATION_CONNECTION */;
